index	IgAKO	IgAKO	IgAKO	IgAKO	IgAKO	IgAKO	IgAKO	IgAKO	IgAKO	IgAKO	IgAKO	IgAKO	IgAKO	IgAKO	IgAKO	IgAKO	IgAKO	WT	WT	WT	WT	WT	WT	WT	WT	WT	WT	WT	WT	WT	WT	WT	WT	
index	CG33-33	CG32-32	CG24-24	CG25-25	CG26-26	CG13-13	CG12-12	CG11-11	CG10-10	CG08-8	CG07-7	CG27-27	CG28-28	CG29-29	CG30-30	CG31-31	CG09-9	CG22-22	CG23-23	CG21-21	CG01-1	CG19-19	CG18-18	CG16-16	CG15-15	CG14-14	CG06-6	CG05-5	CG04-4	CG03-3	CG02-2	CG20-20	CG17-17	id
62a632532998e97d7a086e212318e895	4.399677347596295	-0.1898831159539507	-0.2037419518560559	-0.2173943376856701	-0.1926729309963823	-0.1932030585425272	6.290546880071783	-0.1796197715045831	-0.1828225263573639	3.168892052047904	5.927388767560549	-0.2068305760851403	-0.1926845120861108	6.4532090608456585	-0.2230483170372827	3.672980903366953	5.765132130367618	-0.1938125871369975	1.177896442891295	-0.1584232094880785	-0.1970648132844544	-0.1866781492047414	-0.1992369499843341	-0.1991090853642709	-0.1950772480345034	-0.2120413485861976	-0.2264151297558009	-0.1818241806055916	-0.2109160434274569	-0.241983812429447	-0.2110361687922798	-0.1880030387218144	-0.2142615619905717	62a632532998e97d7a086e212318e895
760e4e0b7ae803e56da0635c0ffa8721	8.577459915379281	-0.1898831159539507	-0.2037419518560559	-0.2173943376856701	-0.1926729309963823	6.459857127415836	-0.1730918420912411	7.101298387217636	-0.1828225263573639	-0.1853594835382903	6.561874448942195	5.956365046508162	4.026581363621379	-0.1781595394104106	3.1815356001947337	3.746547841479189	-0.2013695713529581	-0.1938125871369975	-0.1833286171502863	-0.1584232094880785	-0.1970648132844544	-0.1866781492047414	-0.1992369499843341	-0.1991090853642709	-0.1950772480345034	5.510492491721381	-0.2264151297558009	6.877406427694328	-0.2109160434274569	-0.241983812429447	-0.2110361687922798	-0.1880030387218144	-0.2142615619905717	760e4e0b7ae803e56da0635c0ffa8721
13bf76ab93d09d774b36057a14c40176	7.010987401425622	-0.1898831159539507	-0.2037419518560559	-0.2173943376856701	-0.1926729309963823	-0.1932030585425272	6.547163540965223	-0.1796197715045831	-0.1828225263573639	3.52676347065647	6.393281839981898	-0.2068305760851403	-0.1926845120861108	6.515513750055439	-0.2230483170372827	6.596745924867319	-0.2013695713529581	-0.1938125871369975	3.988887109571686	-0.1584232094880785	-0.1970648132844544	-0.1866781492047414	-0.1992369499843341	-0.1991090853642709	-0.1950772480345034	-0.2120413485861976	-0.2264151297558009	-0.1818241806055916	-0.2109160434274569	-0.241983812429447	-0.2110361687922798	-0.1880030387218144	-0.2142615619905717	13bf76ab93d09d774b36057a14c40176
84dac0c3bb598af90b8b1133327b01eb	6.8227873387354	3.9950296400005256	-0.2037419518560559	-0.2173943376856701	-0.1926729309963823	-0.1932030585425272	4.520249002510154	-0.1796197715045831	-0.1828225263573639	-0.1853594835382903	-0.1859870506474061	5.702410688509373	4.174687512592053	-0.1781595394104106	-0.2230483170372827	-0.2040164754678694	-0.2013695713529581	-0.1938125871369975	-0.1833286171502863	-0.1584232094880785	-0.1970648132844544	-0.1866781492047414	-0.1992369499843341	-0.1991090853642709	-0.1950772480345034	-0.2120413485861976	-0.2264151297558009	-0.1818241806055916	-0.2109160434274569	-0.241983812429447	-0.2110361687922798	-0.1880030387218144	-0.2142615619905717	84dac0c3bb598af90b8b1133327b01eb
f5c5a4f4caece0381bd6c77236d4ce59	4.136984953638053	-0.1898831159539507	-0.2037419518560559	-0.2173943376856701	-0.1926729309963823	-0.1932030585425272	3.308410062655924	-0.1796197715045831	-0.1828225263573639	0.6352599730437641	3.619884439999813	-0.2068305760851403	-0.1926845120861108	4.121853049933093	-0.2230483170372827	3.5528813039610365	3.3117463186592344	-0.1938125871369975	1.5343461662243685	-0.1584232094880785	-0.1970648132844544	-0.1866781492047414	-0.1992369499843341	-0.1991090853642709	-0.1950772480345034	-0.2120413485861976	-0.2264151297558009	-0.1818241806055916	-0.2109160434274569	-0.241983812429447	-0.2110361687922798	-0.1880030387218144	-0.2142615619905717	f5c5a4f4caece0381bd6c77236d4ce59
ce7dd1caf4448800f7c81f66f7a0122d	-0.1793235314152207	-0.1898831159539507	-0.2037419518560559	-0.2173943376856701	-0.1926729309963823	-0.1932030585425272	-0.1730918420912411	6.252446473710157	-0.1828225263573639	-0.1853594835382903	5.392979430188614	5.256096441943291	-0.1926845120861108	-0.1781595394104106	5.077013618871473	-0.2040164754678694	5.467643092204459	-0.1938125871369975	-0.1833286171502863	-0.1584232094880785	-0.1970648132844544	-0.1866781492047414	-0.1992369499843341	4.274396360790347	-0.1950772480345034	-0.2120413485861976	-0.2264151297558009	-0.1818241806055916	-0.2109160434274569	-0.241983812429447	-0.2110361687922798	4.452722591996546	-0.2142615619905717	ce7dd1caf4448800f7c81f66f7a0122d
3d10c306cdaad816eb60d0c0602ad622	4.76843105905068	3.8854054869884815	-0.2037419518560559	-0.2173943376856701	-0.1926729309963823	-0.1932030585425272	6.755098629980293	-0.1796197715045831	-0.1828225263573639	-0.1853594835382903	-0.1859870506474061	-0.2068305760851403	4.424243424723727	-0.1781595394104106	-0.2230483170372827	-0.2040164754678694	-0.2013695713529581	-0.1938125871369975	-0.1833286171502863	-0.1584232094880785	-0.1970648132844544	-0.1866781492047414	-0.1992369499843341	-0.1991090853642709	-0.1950772480345034	-0.2120413485861976	-0.2264151297558009	-0.1818241806055916	-0.2109160434274569	-0.241983812429447	-0.2110361687922798	-0.1880030387218144	-0.2142615619905717	3d10c306cdaad816eb60d0c0602ad622
3947f403b7b51ab6a0441b7e914c2815	-0.1793235314152207	-0.1898831159539507	-0.2037419518560559	4.654110610532627	-0.1926729309963823	-0.1932030585425272	-0.1730918420912411	-0.1796197715045831	-0.1828225263573639	-0.1853594835382903	-0.1859870506474061	-0.2068305760851403	-0.1926845120861108	-0.1781595394104106	5.85684920121901	6.147636825717386	-0.2013695713529581	-0.1938125871369975	-0.1833286171502863	-0.1584232094880785	-0.1970648132844544	-0.1866781492047414	-0.1992369499843341	-0.1991090853642709	-0.1950772480345034	-0.2120413485861976	-0.2264151297558009	-0.1818241806055916	-0.2109160434274569	1.4033193629505598	-0.2110361687922798	-0.1880030387218144	-0.2142615619905717	3947f403b7b51ab6a0441b7e914c2815
0c4cea2256531d3721b18c96c0064e62	-0.1793235314152207	-0.1898831159539507	-0.2037419518560559	-0.2173943376856701	-0.1926729309963823	-0.1932030585425272	-0.1730918420912411	-0.1796197715045831	7.172711649737788	-0.1853594835382903	-0.1859870506474061	-0.2068305760851403	-0.1926845120861108	-0.1781595394104106	6.240512574421089	-0.2040164754678694	-0.2013695713529581	-0.1938125871369975	-0.1833286171502863	-0.1584232094880785	-0.1970648132844544	-0.1866781492047414	-0.1992369499843341	-0.1991090853642709	-0.1950772480345034	-0.2120413485861976	-0.2264151297558009	-0.1818241806055916	-0.2109160434274569	-0.241983812429447	-0.2110361687922798	-0.1880030387218144	-0.2142615619905717	0c4cea2256531d3721b18c96c0064e62
c2fd5a3c64c999e4d253a3e8869b10a5	-0.1793235314152207	-0.1898831159539507	-0.2037419518560559	-0.2173943376856701	-0.1926729309963823	-0.1932030585425272	-0.1730918420912411	6.838317067328383	-0.1828225263573639	-0.1853594835382903	6.82806507898453	-0.2068305760851403	-0.1926845120861108	-0.1781595394104106	-0.2230483170372827	-0.2040164754678694	-0.2013695713529581	-0.1938125871369975	-0.1833286171502863	-0.1584232094880785	-0.1970648132844544	-0.1866781492047414	-0.1992369499843341	-0.1991090853642709	-0.1950772480345034	-0.2120413485861976	-0.2264151297558009	-0.1818241806055916	-0.2109160434274569	-0.241983812429447	-0.2110361687922798	-0.1880030387218144	-0.2142615619905717	c2fd5a3c64c999e4d253a3e8869b10a5
ea12f149cb7a6a52a2d0647a46c9b6ce	-0.1793235314152207	-0.1898831159539507	-0.2037419518560559	-0.2173943376856701	-0.1926729309963823	-0.1932030585425272	-0.1730918420912411	-0.1796197715045831	-0.1828225263573639	-0.1853594835382903	-0.1859870506474061	-0.2068305760851403	-0.1926845120861108	-0.1781595394104106	-0.2230483170372827	-0.2040164754678694	-0.2013695713529581	-0.1938125871369975	-0.1833286171502863	-0.1584232094880785	-0.1970648132844544	-0.1866781492047414	-0.1992369499843341	-0.1991090853642709	0.5638153191255135	-0.2120413485861976	5.33670191595604	-0.1818241806055916	-0.2109160434274569	5.031593106458753	-0.2110361687922798	-0.1880030387218144	-0.2142615619905717	ea12f149cb7a6a52a2d0647a46c9b6ce
8020b01b11aca0d342c697cfd6e98a43	-0.1793235314152207	-0.1898831159539507	-0.2037419518560559	-0.2173943376856701	-0.1926729309963823	-0.1932030585425272	-0.1730918420912411	-0.1796197715045831	-0.1828225263573639	-0.1853594835382903	-0.1859870506474061	-0.2068305760851403	-0.1926845120861108	-0.1781595394104106	-0.2230483170372827	-0.2040164754678694	-0.2013695713529581	-0.1938125871369975	-0.1833286171502863	-0.1584232094880785	-0.1970648132844544	6.830909466739376	-0.1992369499843341	-0.1991090853642709	-0.1950772480345034	-0.2120413485861976	-0.2264151297558009	-0.1818241806055916	-0.2109160434274569	-0.241983812429447	-0.2110361687922798	-0.1880030387218144	6.356801311536905	8020b01b11aca0d342c697cfd6e98a43
4afc91d1513c403572b261edcd6868c0	-0.1793235314152207	-0.1898831159539507	-0.2037419518560559	-0.2173943376856701	-0.1926729309963823	4.78476256239087	-0.1730918420912411	-0.1796197715045831	-0.1828225263573639	-0.1853594835382903	-0.1859870506474061	-0.2068305760851403	-0.1926845120861108	-0.1781595394104106	-0.2230483170372827	-0.2040164754678694	-0.2013695713529581	-0.1938125871369975	-0.1833286171502863	-0.1584232094880785	-0.1970648132844544	-0.1866781492047414	-0.1992369499843341	-0.1991090853642709	6.367414676627392	-0.2120413485861976	-0.2264151297558009	-0.1818241806055916	6.0112191674572975	-0.241983812429447	-0.2110361687922798	5.034010788566355	-0.2142615619905717	4afc91d1513c403572b261edcd6868c0
e536535b974d9b9008478594db824d4a	-0.1793235314152207	-0.1898831159539507	-0.2037419518560559	3.4130899717071155	-0.1926729309963823	-0.1932030585425272	-0.1730918420912411	-0.1796197715045831	-0.1828225263573639	-0.1853594835382903	-0.1859870506474061	-0.2068305760851403	-0.1926845120861108	-0.1781595394104106	-0.2230483170372827	-0.2040164754678694	-0.2013695713529581	-0.1938125871369975	-0.1833286171502863	-0.1584232094880785	-0.1970648132844544	-0.1866781492047414	-0.1992369499843341	-0.1991090853642709	-0.1950772480345034	4.931841797310872	-0.2264151297558009	-0.1818241806055916	-0.2109160434274569	4.650398077600475	-0.2110361687922798	-0.1880030387218144	5.704505731296449	e536535b974d9b9008478594db824d4a
8f8ff03bce204179f8b1952aef24a038	-0.1793235314152207	-0.1898831159539507	-0.2037419518560559	-0.2173943376856701	-0.1926729309963823	-0.1932030585425272	-0.1730918420912411	-0.1796197715045831	-0.1828225263573639	-0.1853594835382903	-0.1859870506474061	-0.2068305760851403	-0.1926845120861108	-0.1781595394104106	-0.2230483170372827	-0.2040164754678694	-0.2013695713529581	-0.1938125871369975	-0.1833286171502863	-0.1584232094880785	-0.1970648132844544	-0.1866781492047414	-0.1992369499843341	-0.1991090853642709	-0.1950772480345034	3.797120943988966	5.092762040120953	-0.1818241806055916	-0.2109160434274569	-0.241983812429447	3.805124285953639	-0.1880030387218144	-0.2142615619905717	8f8ff03bce204179f8b1952aef24a038
6e89d3e143ac7f006d6dc97a3b18b033	-0.1793235314152207	-0.1898831159539507	-0.2037419518560559	-0.2173943376856701	-0.1926729309963823	-0.1932030585425272	-0.1730918420912411	-0.1796197715045831	-0.1828225263573639	-0.1853594835382903	-0.1859870506474061	-0.2068305760851403	-0.1926845120861108	-0.1781595394104106	-0.2230483170372827	-0.2040164754678694	-0.2013695713529581	-0.1938125871369975	-0.1833286171502863	-0.1584232094880785	-0.1970648132844544	-0.1866781492047414	-0.1992369499843341	4.2583970875072925	-0.1950772480345034	-0.2120413485861976	5.838956888586569	4.164467205759926	-0.2109160434274569	-0.241983812429447	-0.2110361687922798	-0.1880030387218144	-0.2142615619905717	6e89d3e143ac7f006d6dc97a3b18b033
0dacc3cff6729ced20f237a6d16215a0	-0.1793235314152207	-0.1898831159539507	-0.2037419518560559	-0.2173943376856701	-0.1926729309963823	-0.1932030585425272	-0.1730918420912411	-0.1796197715045831	-0.1828225263573639	-0.1853594835382903	-0.1859870506474061	-0.2068305760851403	-0.1926845120861108	-0.1781595394104106	-0.2230483170372827	-0.2040164754678694	-0.2013695713529581	-0.1938125871369975	-0.1833286171502863	-0.1584232094880785	-0.1970648132844544	5.585030104666641	5.312933042619268	-0.1991090853642709	-0.1950772480345034	-0.2120413485861976	-0.2264151297558009	-0.1818241806055916	-0.2109160434274569	-0.241983812429447	-0.2110361687922798	-0.1880030387218144	5.12665077787462	0dacc3cff6729ced20f237a6d16215a0
e0e94d588e8f329d26669cce3da81563	-0.1793235314152207	-0.1898831159539507	-0.2037419518560559	-0.2173943376856701	-0.1926729309963823	-0.1932030585425272	-0.1730918420912411	-0.1796197715045831	-0.1828225263573639	-0.1853594835382903	-0.1859870506474061	-0.2068305760851403	-0.1926845120861108	-0.1781595394104106	-0.2230483170372827	-0.2040164754678694	-0.2013695713529581	-0.1938125871369975	-0.1833286171502863	-0.1584232094880785	-0.1970648132844544	-0.1866781492047414	-0.1992369499843341	5.443244717006467	-0.1950772480345034	4.995954215098879	-0.2264151297558009	-0.1818241806055916	-0.2109160434274569	-0.241983812429447	-0.2110361687922798	5.807260944785316	-0.2142615619905717	e0e94d588e8f329d26669cce3da81563
6a19f5928ebf9828680792011e83af11	-0.1793235314152207	-0.1898831159539507	-0.2037419518560559	-0.2173943376856701	-0.1926729309963823	-0.1932030585425272	-0.1730918420912411	-0.1796197715045831	-0.1828225263573639	-0.1853594835382903	-0.1859870506474061	-0.2068305760851403	-0.1926845120861108	-0.1781595394104106	-0.2230483170372827	-0.2040164754678694	-0.2013695713529581	-0.1938125871369975	-0.1833286171502863	-0.1584232094880785	6.500735227072324	-0.1866781492047414	-0.1992369499843341	-0.1991090853642709	-0.1950772480345034	-0.2120413485861976	-0.2264151297558009	-0.1818241806055916	5.537336337326646	-0.241983812429447	5.520402990500467	-0.1880030387218144	-0.2142615619905717	6a19f5928ebf9828680792011e83af11
2ae312f03ec56945482e9f3607eb1c4a	-0.1793235314152207	-0.1898831159539507	-0.2037419518560559	-0.2173943376856701	-0.1926729309963823	-0.1932030585425272	-0.1730918420912411	-0.1796197715045831	-0.1828225263573639	-0.1853594835382903	-0.1859870506474061	-0.2068305760851403	-0.1926845120861108	-0.1781595394104106	-0.2230483170372827	-0.2040164754678694	-0.2013695713529581	-0.1938125871369975	-0.1833286171502863	-0.1584232094880785	-0.1970648132844544	-0.1866781492047414	-0.1992369499843341	-0.1991090853642709	-0.1950772480345034	5.868294638151276	3.382211760808103	6.1730261845457015	-0.2109160434274569	-0.241983812429447	6.265129405055414	-0.1880030387218144	-0.2142615619905717	2ae312f03ec56945482e9f3607eb1c4a
#SampleID	CG33-33	CG32-32	CG24-24	CG25-25	CG26-26	CG13-13	CG12-12	CG11-11	CG10-10	CG08-8	CG07-7	CG27-27	CG28-28	CG29-29	CG30-30	CG31-31	CG09-9	CG22-22	CG23-23	CG21-21	CG01-1	CG19-19	CG18-18	CG16-16	CG15-15	CG14-14	CG06-6	CG05-5	CG04-4	CG03-3	CG02-2	CG20-20	CG17-17	
BarcodeSequence	GCCGCTCA	ATAGCTAG	TGCCGGGT	TTGGGGTG	ATTTCTAG	AATGGCAG	TCAACTTG	TATCGGAA	GCACTCGA	GTACTACT	TTGCATAT	CACGTTTC	ATCCTGGT	GGCAACTT	AGTGTACT	CCAAATAG	GTTGAAAG	CGGTCCCA	CCCAAATC	TGAACTGA	CCAGAATG	ACGGTTGT	TAACCACC	CGACATCC	CACAATGG	GATGGGGC	GGGCTACT	GCTCATGA	TGTGTGGC	CAATAGTT	GAAGACTA	GGAGTCAT	TCGTAGGT	
LinkerPrimerSequence	GTACCCCGGAGGTACCCCA	GCACGCGCGTGCGCTGTTT	CGGCTGGTCACATTACGGC	AGTGGAATGACACGGACCT	AGCCGCTGGCGCGAGATTC	GGAGGACTTCCAGCCTATA	ATCCCTGTATTCGAGGCTG	CGTTATAGCTATACATATA	CAATCGAGGGGTGGTTAAC	GAGCTTAAGCGTTCGACAG	AGGTTCGTACACCGGCCCC	TCTCGCTCTGCCCTCATCA	TTCAGAAGCCTACCTTACG	ACAACTTTCAATGACACGG	TTACTATTCCGTTAATAGC	CCTTCCCTTTCTCATAATC	AAAAATGTTGAGCATGAGA	CCCGCGATAATGCATATCT	TGACTATTATAGAGGGGTG	GCATGTACTGAGCATGACT	CCGTCCTTCTTAATCATAC	TGTCGCCGAGAACAAACCC	TTTGGAGGGTCTGATGTTT	CCCTCACAGAAAAGCAGCC	CTTCCTCGCCCAGATTACG	TCGAACTGTGTCTTAATCG	ATACATGGCTGTGCGTGCC	AAATCTGAGCCTCGAACCA	ACTTCGCGATTCGCGCTGG	TAATATGACTCGCCATTTG	CGTTATAAAAGCCACACGG	TGTGCCCACCTCGGGTATT	AGAAGAATGACGCCGCTCC	
Together	33.0	32.0	24.0	25.0	26.0	13.0	12.0	11.0	10.0	8.0	7.0	27.0	28.0	29.0	30.0	31.0	9.0	22.0	23.0	21.0	1.0	19.0	18.0	16.0	15.0	14.0	6.0	5.0	4.0	3.0	2.0	20.0	17.0	
AliquotID																																		
AliquotWeight																																		
AliquotWeightUnit																																		
AnimalSubjectID	CG33-33	CG32-32	CG24-24	CG25-25	CG26-26	CG13-13	CG12-12	CG11-11	CG10-10	CG08-8	CG07-7	CG27-27	CG28-28	CG29-29	CG30-30	CG31-31	CG09-9	CG22-22	CG23-23	CG21-21	CG01-1	CG19-19	CG18-18	CG16-16	CG15-15	CG14-14	CG06-6	CG05-5	CG04-4	CG03-3	CG02-2	CG20-20	CG17-17	
AnimalWeight																																		
BirthDate	2/3/2015	12/13/2014	4/25/2014	4/25/2014	4/25/2014	4/7/2014	5/11/2014	5/11/2014	4/7/2014	4/20/2014	4/20/2014	1/17/2015	1/17/2015	1/17/2015	12/13/2014	12/13/2014	5/3/2014	3/1/2015	3/1/2015	2/26/2015	4/20/2014	2/22/2015	2/22/2015	6/7/2014	6/7/2014	6/7/2014	5/11/2014	5/11/2014	4/7/2014	5/3/2014	4/20/2014	2/26/2015	2/22/2015	
Sex	F	M	M	M	M	M	M	M	M	M	M	F	F	F	M	M	F	M	M	M	M	M	M	F	F	F	M	M	M	F	M	M	M	
SpecimenBodySite	colon	colon	colon	colon	colon	colon	colon	colon	colon	colon	colon	colon	colon	colon	colon	colon	colon	colon	colon	colon	colon	colon	colon	colon	colon	colon	colon	colon	colon	colon	colon	colon	colon	
UberonCodeBodySite																																		
Company																																		
ProductCode																																		
ProductName																																		
ChowEndDate																																		
ChowStartDate																																		
Biome																																		
CollectionSiteName																																		
CollectionSiteTechnician																																		
Depth																																		
Elevation																																		
Environment																																		
Feature																																		
Latitude																																		
Longitude																																		
Material																																		
ExperimentName																																		
FacilityLocation																																		
FacilityName																																		
NumberOfCageCompanions																																		
TankID	866141.0	866116.0	814525.0	814525.0	814525.0	814618.0	814523.0	814523.0	814618.0	814502.0	814502.0	875915.0	875915.0	875915.0	866116.0	866116.0	814506.0	899774.0	899774.0	899773.0	814502.0	899781.0	899781.0	828814.0	828814.0	828814.0	814523.0	814523.0	814618.0	814506.0	814502.0	899773.0	899781.0	
TankMaterial																																		
TankShape																																		
TypeOfBedding																																		
TypeOfFacility																																		
TypeOfHousing	non-co-housed	non-co-housed	non-co-housed	non-co-housed	non-co-housed	Littermate	Littermate	Littermate	Littermate	Littermate	Littermate	non-co-housed	non-co-housed	non-co-housed	non-co-housed	non-co-housed	Littermate	non-co-housed	non-co-housed	non-co-housed	Littermate	non-co-housed	non-co-housed	non-co-housed	non-co-housed	non-co-housed	Littermate	Littermate	Littermate	Littermate	Littermate	non-co-housed	non-co-housed	
Housing	non-co-housed	non-co-housed	non-co-housed	non-co-housed	non-co-housed	Littermate	Littermate	Littermate	Littermate	Littermate	Littermate	non-co-housed	non-co-housed	non-co-housed	non-co-housed	non-co-housed	Littermate	non-co-housed	non-co-housed	non-co-housed	Littermate	non-co-housed	non-co-housed	non-co-housed	non-co-housed	non-co-housed	Littermate	Littermate	Littermate	Littermate	Littermate	non-co-housed	non-co-housed	
HousingEndDate																																		
HousingStartDate																																		
BreedingProgram																																		
EnvironmentalEnrichment																																		
LightDarkCycle																																		
Temperature																																		
ContactEmail	acerutti@imim.es	acerutti@imim.es	acerutti@imim.es	acerutti@imim.es	acerutti@imim.es	acerutti@imim.es	acerutti@imim.es	acerutti@imim.es	acerutti@imim.es	acerutti@imim.es	acerutti@imim.es	acerutti@imim.es	acerutti@imim.es	acerutti@imim.es	acerutti@imim.es	acerutti@imim.es	acerutti@imim.es	acerutti@imim.es	acerutti@imim.es	acerutti@imim.es	acerutti@imim.es	acerutti@imim.es	acerutti@imim.es	acerutti@imim.es	acerutti@imim.es	acerutti@imim.es	acerutti@imim.es	acerutti@imim.es	acerutti@imim.es	acerutti@imim.es	acerutti@imim.es	acerutti@imim.es	acerutti@imim.es	
ContactName	Andrea Cerutti	Andrea Cerutti	Andrea Cerutti	Andrea Cerutti	Andrea Cerutti	Andrea Cerutti	Andrea Cerutti	Andrea Cerutti	Andrea Cerutti	Andrea Cerutti	Andrea Cerutti	Andrea Cerutti	Andrea Cerutti	Andrea Cerutti	Andrea Cerutti	Andrea Cerutti	Andrea Cerutti	Andrea Cerutti	Andrea Cerutti	Andrea Cerutti	Andrea Cerutti	Andrea Cerutti	Andrea Cerutti	Andrea Cerutti	Andrea Cerutti	Andrea Cerutti	Andrea Cerutti	Andrea Cerutti	Andrea Cerutti	Andrea Cerutti	Andrea Cerutti	Andrea Cerutti	Andrea Cerutti	
PrimaryInvestigator	Andrea Cerutti	Andrea Cerutti	Andrea Cerutti	Andrea Cerutti	Andrea Cerutti	Andrea Cerutti	Andrea Cerutti	Andrea Cerutti	Andrea Cerutti	Andrea Cerutti	Andrea Cerutti	Andrea Cerutti	Andrea Cerutti	Andrea Cerutti	Andrea Cerutti	Andrea Cerutti	Andrea Cerutti	Andrea Cerutti	Andrea Cerutti	Andrea Cerutti	Andrea Cerutti	Andrea Cerutti	Andrea Cerutti	Andrea Cerutti	Andrea Cerutti	Andrea Cerutti	Andrea Cerutti	Andrea Cerutti	Andrea Cerutti	Andrea Cerutti	Andrea Cerutti	Andrea Cerutti	Andrea Cerutti	
ExampleMetaData																																		
Separate	All	All	All	All	All	All	All	All	All	All	All	All	All	All	All	All	All	All	All	All	Required	All	All	All	All	All	All	All	All	Limit 45 Characters	Text	All	All	
DaysSinceExperimentStart																																		
RawDataNotes	16S of mouse gut metagenome	16S of mouse gut metagenome	16S of mouse gut metagenome	16S of mouse gut metagenome	16S of mouse gut metagenome	16S of mouse gut metagenome	16S of mouse gut metagenome	16S of mouse gut metagenome	16S of mouse gut metagenome	16S of mouse gut metagenome	16S of mouse gut metagenome	16S of mouse gut metagenome	16S of mouse gut metagenome	16S of mouse gut metagenome	16S of mouse gut metagenome	16S of mouse gut metagenome	16S of mouse gut metagenome	16S of mouse gut metagenome	16S of mouse gut metagenome	16S of mouse gut metagenome	16S of mouse gut metagenome	16S of mouse gut metagenome	16S of mouse gut metagenome	16S of mouse gut metagenome	16S of mouse gut metagenome	16S of mouse gut metagenome	16S of mouse gut metagenome	16S of mouse gut metagenome	16S of mouse gut metagenome	16S of mouse gut metagenome	16S of mouse gut metagenome	16S of mouse gut metagenome	16S of mouse gut metagenome	
RawDataDatePerformed																																		
RawDataProcessor																																		
RawDataProtocolID	33.0	32.0	24.0	25.0	26.0	13.0	12.0	11.0	10.0	8.0	7.0	27.0	28.0	29.0	30.0	31.0	9.0	22.0	23.0	21.0	1.0	19.0	18.0	16.0	15.0	14.0	6.0	5.0	4.0	3.0	2.0	20.0	17.0	
FinishingStrategyCoverage																																		
FinishingStrategyStatus																																		
NumberOfContigs																																		
Primer																																		
RawDataConditions																																		
SequencingMethod	AMPLICON	AMPLICON	AMPLICON	AMPLICON	AMPLICON	AMPLICON	AMPLICON	AMPLICON	AMPLICON	AMPLICON	AMPLICON	AMPLICON	AMPLICON	AMPLICON	AMPLICON	AMPLICON	AMPLICON	AMPLICON	AMPLICON	AMPLICON	AMPLICON	AMPLICON	AMPLICON	AMPLICON	AMPLICON	AMPLICON	AMPLICON	AMPLICON	AMPLICON	AMPLICON	AMPLICON	AMPLICON	AMPLICON	
TargetGene	16S	16S	16S	16S	16S	16S	16S	16S	16S	16S	16S	16S	16S	16S	16S	16S	16S	16S	16S	16S	16S	16S	16S	16S	16S	16S	16S	16S	16S	16S	16S	16S	16S	
ResultID																																		
ResultsLocation																																		
ResultsDatePerformed																																		
ResultsProcessor																																		
ResultsProtocolID	33.0	32.0	24.0	25.0	26.0	13.0	12.0	11.0	10.0	8.0	7.0	27.0	28.0	29.0	30.0	31.0	9.0	22.0	23.0	21.0	1.0	19.0	18.0	16.0	15.0	14.0	6.0	5.0	4.0	3.0	2.0	20.0	17.0	
ResultsMethod																																		
ResultsTool																																		
ResultsToolVersion																																		
MmedsSampleID	33.0	32.0	24.0	25.0	26.0	13.0	12.0	11.0	10.0	8.0	7.0	27.0	28.0	29.0	30.0	31.0	9.0	22.0	23.0	21.0	1.0	19.0	18.0	16.0	15.0	14.0	6.0	5.0	4.0	3.0	2.0	20.0	17.0	
SampleWeight																																		
SampleWeightUnit																																		
SampleDatePerformed																																		
SampleProcessor																																		
SampleProtocolID	33.0	32.0	24.0	25.0	26.0	13.0	12.0	11.0	10.0	8.0	7.0	27.0	28.0	29.0	30.0	31.0	9.0	22.0	23.0	21.0	1.0	19.0	18.0	16.0	15.0	14.0	6.0	5.0	4.0	3.0	2.0	20.0	17.0	
SampleProtocolNotes																																		
SampleConditions																																		
SampleTool																																		
SampleToolVersion																																		
SpeciesName																																		
SpecimenCollectionDate																																		
SpecimenCollectionMethod																																		
SpecimenCollectionTime																																		
SpecimenID	33.0	32.0	24.0	25.0	26.0	13.0	12.0	11.0	10.0	8.0	7.0	27.0	28.0	29.0	30.0	31.0	9.0	22.0	23.0	21.0	1.0	19.0	18.0	16.0	15.0	14.0	6.0	5.0	4.0	3.0	2.0	20.0	17.0	
SpecimenNotes																																		
SpecimenWeight																																		
SpecimenWeightUnit																																		
StorageFreezer																																		
StorageInstitution																																		
StrainID																																		
StrainName	IgAKO	IgAKO	IgAKO	IgAKO	IgAKO	IgAKO	IgAKO	IgAKO	IgAKO	IgAKO	IgAKO	IgAKO	IgAKO	IgAKO	IgAKO	IgAKO	IgAKO	WT	WT	WT	WT	WT	WT	WT	WT	WT	WT	WT	WT	WT	WT	WT	WT	
StrainProducer																																		
RelevantLinks																																		
StudyName	IgA_IgG_vaccine_response	IgA_IgG_vaccine_response	IgA_IgG_vaccine_response	IgA_IgG_vaccine_response	IgA_IgG_vaccine_response	IgA_IgG_vaccine_response	IgA_IgG_vaccine_response	IgA_IgG_vaccine_response	IgA_IgG_vaccine_response	IgA_IgG_vaccine_response	IgA_IgG_vaccine_response	IgA_IgG_vaccine_response	IgA_IgG_vaccine_response	IgA_IgG_vaccine_response	IgA_IgG_vaccine_response	IgA_IgG_vaccine_response	IgA_IgG_vaccine_response	IgA_IgG_vaccine_response	IgA_IgG_vaccine_response	IgA_IgG_vaccine_response	IgA_IgG_vaccine_response	IgA_IgG_vaccine_response	IgA_IgG_vaccine_response	IgA_IgG_vaccine_response	IgA_IgG_vaccine_response	IgA_IgG_vaccine_response	IgA_IgG_vaccine_response	IgA_IgG_vaccine_response	IgA_IgG_vaccine_response	IgA_IgG_vaccine_response	IgA_IgG_vaccine_response	IgA_IgG_vaccine_response	IgA_IgG_vaccine_response	
StudyType																																		
SubjectType	Animal	Animal	Animal	Animal	Animal	Animal	Animal	Animal	Animal	Animal	Animal	Animal	Animal	Animal	Animal	Animal	Animal	Animal	Animal	Animal	Animal	Animal	Animal	Animal	Animal	Animal	Animal	Animal	Animal	Animal	Animal	Animal	Animal	
SpecimenType	feces	feces	feces	feces	feces	feces	feces	feces	feces	feces	feces	feces	feces	feces	feces	feces	feces	feces	feces	feces	feces	feces	feces	feces	feces	feces	feces	feces	feces	feces	feces	feces	feces	
UberonCodeType																																		
VendorLocation																																		
VendorName																																		
VendorStrainInfo																																		
