	W	Reject null hypothesis
95f1122eba4f89f7a077f04e3462c840	0	False
127a8fece8bff934ec8e40452bf1d3e8	0	False
0c7ca4ae15bcfb16e5a7111a9618225f	0	False
b6cb34b9de627f71f7aaecf649f38159	0	False
324f855ce56bd5eb9f6c76240b323e88	0	False
9b33ef6780b8df0034d9de74d815cdba	0	False
c56997f9eeff1a8ebc8c9b58b29683b9	0	False
5aad6311e39c600f3d8e0aa92ae07214	0	False
136c2ef7813d8459c0f9694ce1afe804	0	False
ce0dd0161e0d0766065875c77da14f38	0	False
603a416041da5b1e514f78dbf3374668	0	False
a1ab25ec23ac74dc562a0a93edd07223	0	False
f0b4561be4255e3bef58f394bfe973a1	0	False
05ea3c58de59d0b7d58ceea010e04731	0	False
fa5dbb2daf8af7d6210ea6dfac3dc669	0	False
b72153c4c3eb7336855d500948965c0f	0	False
c89d580fa4ff7d223835edd193f23dbc	0	False
3f7703567f7b991f2b1844784c6168e8	0	False
8c208212d4baf2e7977cbfad2266b66f	0	False
80ffe806461698e1723dbe88712b1bbe	0	False
ff2f9071d076056829369347cce77be3	0	False
ee0c2b34b177e2630ac69f272087d189	0	False
8897ddcc97eab1556bac4bd131cd4a54	0	False
b116acb03388158b994ac6cc466060e1	0	False
fa955af791fc08f3cc4640d35313cf5f	0	False
d46448d58ea79452e52900b59a86850b	0	False
20d51ab08a36fb95170672d95683d6b0	0	False
89ef823f8bbeca5eca8fdf1b5bd599ac	0	False
ce6004644f68aa3cc48722153621b207	0	False
940a6285176ad6970dc43c6a4f91c476	0	False
157d615a254c3a0871ae8170ff7f0fa1	0	False
f1fe6a9fb0967c1a6cdabf9669f9d483	0	False
5376b3f21fa762442d4fad1a7e5e47a8	0	False
0261f99bdd8196abba2c952534c1a4e8	0	False
2745227fc63879f88983aebcbc41a8ff	0	False
c5f57b3e39d2cbdf5b32b3600edb9295	0	False
1f0d897c001cd50e616943a8a23a44fd	0	False
6b661c985154674a2659d2383df6f40d	0	False
e1cc3e279f8d8a696869ffe58c41771d	0	False
0946cf92d1e74cebf82f51169fb37019	0	False
543c3b9393427f77a4343a4bd079f183	0	False
6b1de30aaf85224a2c8d38b80edfeaa6	0	False
f42b939ed01bfd9468f25c4f56c90251	0	False
d54d4a8cc495bf7d105568758526490f	0	False
da735b18ef1e847b63b31b0333487cd2	0	False
3c9e0082fe252df7aa6ad28f2e6e6c9c	0	False
1c18f17208a4f334217f39e86a1dfa7e	0	False
2c4514871046a02d874546cfd9c0c2ac	0	False
fa4c1e3f0060bbc0438fc6bad89ec028	0	False
25c7ae22c578b7060e6b9f81dc385ffa	0	False
f153200f47a4c01cd87405625de8681a	0	False
953d6d2867959f09538d3ac3278cb48c	0	False
3c3f3cedfb2e2962880d6954db1c04f4	0	False
222dda10b7d7eb67f0829f3a1f0cc94a	0	False
5abba8720a594108c931b79f0050559c	0	False
98fcd13eb3934f4de78981e477929616	0	False
da135c90a446af30e744bd6da12d4c01	0	False
ef4b9733e13f09b8b5f0a15ff84e3ac3	0	False
f4e9fea4d3b61e6f2be72c99bdc231a7	0	False
d8336fd288198f8446fcc2bc70da7878	0	False
7d4379c38836478bd0da81cef6b98bd9	0	False
4d82901893b1292d1f77ae5c6148fee4	0	False
cbea1706c84a640343eb81a97dbe7dd5	0	False
9b00ad27b2afcf558ef06c9db66f2178	0	False
2f69633146a543d723d9f520b44544de	0	False
2a6ea72276019b12ea158d4335d406a4	0	False
7027a706f4311bd2ba0e88844b096b15	0	False
ab185f4d82905d6a151f213020f31840	0	False
d31af5082abd80ec56499d638bc57cff	0	False
2ba034d2851418806f84daaa1e462d8e	0	False
885dcbff86b094190085f6d34944ec1c	0	False
5d56790ea7da09dd5e7fb806ba309038	0	False
ec4998b9b79a25ac13f694ca4fa0658a	0	False
e427c0f889a5fed1d6af09cca5b60e00	0	False
8861671a090d3ff864511e920990cf0d	0	False
cb176a4480f5690f2aac5bfae9216be5	0	False
ce3fb765ef06b834af53aef085c2c56e	0	False
bc6424d6edeada9b70abaacf49b3504a	0	False
448bc8a5b311c0762fb99d92451ca8c4	0	False
9d61807eb73f707c913e15bf83a11783	0	False
9d9c2948d56b61c2a1bc067fa1ae3f5c	0	False
09e4f64685cdffcb5b170bc8879361a3	0	False
17a97bf42a6512f1049f069c2495ca8d	0	False
39c5d2c3c4787039970e7a1a06ca516e	0	False
7b1289d2a6c54c215ceffcc13509ad91	0	False
af8337c7824e4f53176193453d779295	0	False
ca68c204a9037aa34dd3052cc2e7ddd4	0	False
eff9f6f497a2488b1b0d4a0fccbd307a	0	False
a30418b2a6488b6dd3d65043b137a6d2	0	False
c8ba56ad5ee716f8a4345ee8745c3f4e	0	False
4242d3344a3700e38799293a18e37528	0	False
dff5b8ebfe6659c34633d7ce108ced45	0	False
efb0e86253a14c09ea28ff3d51101f5c	0	False
f714a758d7cb3ee27ad4213f9e70dcb0	0	False
ca4e79f317d45f09ed57d3c636b6a8f0	0	False
a3cbd8c0c1e7a7c05a81564f1883f821	0	False
8992dc048dfa44cb12b2b759be29e03c	0	False
de23931faec028369e1fc67f88f72923	0	False
505663b73d72953210441eb26eea70df	0	False
35c0a7ce6e88c40fda7e2158e61762ee	0	False
451f85b9539c7fc54885f1a66e7cee5e	0	False
1c3db4a12ca8df2fa655a54252eacb61	0	False
cf03fc1f4e3582c8c66bb06c4778093e	0	False
b449ddadbdd20172ab4829175be7380f	0	False
2ba9ddb08d6dc4fc0953471799982814	0	False
9f34b62c057da1ba656b0b9fd9fa5f34	0	False
67cce18c9e26c46a7e8bc8451785a6b4	0	False
4962a814db3015299de46bc212c2d353	0	False
4067abbcddf5aa157369bbe8578ffe8e	0	False
4d0973ac973140c29ba20ae7b100097d	0	False
561c303a6becf625a1ebc32935353b30	0	False
4e927d968fb1b10af317e2a385cb085f	0	False
c698fc9d48123ed17cff7be966343cce	0	False
2d041ac70fac9e2a2178d2de3af5f60f	0	False
a4242e83f02ab5684bf224e21e0dac9e	0	False
b9a9c69ec419d90dc3331758fbb6d6f5	0	False
6448035ac306ace076788d1a1b3fe882	0	False
72c05726828b25984d8de8e7605bd4cc	0	False
34c0c0f6280a32c0a50744166f7d9e60	0	False
7e7b72a9b6688aad422d07632b79c10f	0	False
fd17e340001e55be7c9b24711a1d78e0	0	False
047418db49ccc0d4d6fb4e3c9193a31f	0	False
70d2d866e597547cbe2a1d5f4fae86f2	0	False
52200107e99dafb03e1bc3a443921617	0	False
443fe60e31e94ac57ab30691a5461350	0	False
d735a90e21be3a092fb2bcae76d6ae6c	0	False
0e4f92e74ccca98a8fc4220efb7440d9	0	False
aaad330b8f85ab48402f2404659ea7b2	0	False
100ff7a3c3d958ef6d9ca1dfd00c939e	0	False
98fb6d109142f5e26b8dea1fe0dfe3bd	0	False
6100ec07857bf4f32bd1d340a7475d1b	0	False
7e3d1559bed83346ebea222d176d88ab	0	False
edd1e08e4da94ec6c7adb8abbd183d4e	0	False
13b2abf789f280fd1771465acda5ba6c	0	False
dda54d8e0f65488c11b284d0a397718f	0	False
5fbb43f6f0736800eae2897e7ad71ff4	0	False
3bf9061551c884e66f7d8d2e4c003e79	0	False
9eb45aabc0efc214e493df66f4a55c2d	0	False
6e26ed497291ace9402686529d6e7e66	0	False
07c1845043cc358cc4a11fd7e2b7ab4e	0	False
192bc38f0102e2e910cf7ecef33ecd58	0	False
49919f8ff3bad74dfd89150cc7ccc2de	0	False
460b06c4e30facac8f84acac97a71cdc	0	False
1c586fe766cc3faf19a5c5a94c0a4f80	0	False
904e2d090e9c055c6fa839bf76222c76	0	False
cc9ec2dde2fa93229f6eff537f7e78b0	0	False
f407f744a086de5ab3c95ff1c2a4e206	0	False
c761e9e1162b51029b5025443a39348d	0	False
1f5b04412260a5fced72278393cfca72	0	False
13c6b113043a5c34b5ff4bd0d11bc902	0	False
e747f0f3ed77eb708d3f348cb35344db	0	False
a7b34f364d5914817de4fd95fd19a47d	0	False
0ae8f7714c398711ee65ed93c13eda9e	0	False
ef4d80bbb7f15a6271229bb94f70cdea	0	False
1c300e2b7442ebf719018d0fe96f8143	0	False
c85cd4eb3cacc575242fa2b5339f77b8	0	False
4c2647ee90afb5c04283d146efc2e33e	0	False
60fa2c1443d1c02df98411cb13b5e2e4	0	False
e1d1fcd756ef7f41590ede187332c74d	0	False
881563b15428d33c93548168a0825383	0	False
757aed568ffa743a3b27cd1942c774c0	0	False
4495926933f7818f74afedfb23520a81	0	False
56719f6b090ca789277344c6c6e3779a	0	False
0bad513b5034904ada434ca72c80f904	0	False
9db71a30f9177df1e604e86963c09a00	0	False
f3de68f41f10f8dee6a110b5700cdfe1	0	False
5fd3eb6443ecc369468642bb5d80b2c2	0	False
25d604b72fc1ce00698bfe3f9f09de85	0	False
cff3fa7de5b5632108645e944e8ab177	0	False
ffe9adcb8c633280837146b187a4865a	0	False
f00a025f996ed384b125bcac49a8c68e	0	False
6750d7c3e5833084a5c41da8378b93bf	0	False
5845ab52def9c571103b762ee3050cd3	0	False
2fb1c3c014b6a672bd0236357b609452	0	False
6590dd43e4448ff2f546d08a8e8cfeaa	0	False
f2ee5231ac16b519c3ffb4f4b31a9cc4	0	False
08b462f6bea286f267e437008cadd358	0	False
f9809ecfc25425afeaeba4aa1b1235b2	0	False
dae4042dce63fdd5437ba04e7f224eb6	0	False
5e43ef1c66eb651f1f60cb856c79787c	0	False
33e3a0e233f1a99a10b1913cfc33d3eb	0	False
07536f95ccffea84edfbe10cb1b91fc8	0	False
28104679fa6f79dee33c944ea9d06645	0	False
8957cee45a066c2b20a2304a7be4bf08	0	False
78a38226e3b5c667dfca04fc2260ddeb	0	False
2d4a49bd95b742c6bbbe4452d33f89f7	0	False
452b823a3d3188ddfac73e45072e3a06	0	False
263d26c9d0f85302e0915c071fd56b2a	0	False
a658ef3b8e92f4d494e6812408947aab	0	False
bb2e621bbb66b2e1e764bc73732c341c	0	False
87fd590da94b3327f4dd998ffdfff19b	0	False
0d7ef5d8536b6625a85e9c6da5ec8a56	0	False
4363d5c901da138b91667bf50fdb5f8c	0	False
5f6856432539fae26d08796c588292ef	0	False
6fa8dda447791c43af6c2a744661a86a	0	False
c004faf0fe08efa3576bb9ab93340a69	0	False
835d826c1dc0db46a69353ba21c0d627	0	False
ef745692f1f47ecf20f9bc3edce39015	0	False
cbfa3e45bc8c7cb0dfb8a837c56885cb	0	False
63ebc2be89b9f0bc64f7d22b2778360a	0	False
aa2745d604a2f809f8de7c958b649d4c	0	False
d58f671100412c1020b37eb8cdd907b5	0	False
0346d828dacc5d2a38a77c0e9810d5d1	0	False
d131bb163761e831d2232ad84bf79d8d	0	False
2c9672e26533e01fa3efa4b81bc8d981	0	False
8239395334c65c33c3b24d83608cf1da	0	False
d29638803306cf95e144bb7837ff7e26	0	False
e92076ffd7950b0be9fe08ca0f257cb1	0	False
a16fa7e8135e5f4b44ab718ab6cebe7c	0	False
f597ba40567172fd93f07a0c8eb8f7b1	0	False
22049c9dac265894f010859e321c0043	0	False
9358f6955f63e57716fd582934368047	0	False
de635c1c311bce1bf9d867fd6469b01b	0	False
f326a064fb051ce3f5464a878440e44d	0	False
3eabea4737fe2422cd6910763d1f855d	0	False
9eae07b8e3e56f09cb73e03ea02a8c9f	0	False
46dfc876e67d7bbc16b4d33400e8715d	0	False
6cefcdba9c6f1a1f6b9c84a872f706bc	0	False
c0d045ca3bacf03582e2e7e6b2a75234	0	False
543b47287005bc2476e9ac5cf06873a1	0	False
a100cf74108aad54ca0187382a574c03	0	False
12463441dbef975de3c251ad0ff2d0f3	0	False
6eeb2ba3a5603e08555cd4ff6bdc81e2	0	False
d5a0d2e1bdd134f62e7e7df010d1fe83	0	False
18a2acd308fdb704c9280a5ec9bc4957	0	False
76416660cabf0100fc999f759eec3701	0	False
de14006c4d65fefe131120c1c7bdf85b	0	False
bc69dcccaaffdfc536dc9ccacb2b272d	0	False
bf65f3764111ebf756cb2ef614a0b417	0	False
d2298dd9352576d7561129537fbb6a44	0	False
2561acdf8e5a57403704d7a08edf0a06	0	False
e673017e56fd0163b8153eb87d49a495	0	False
db4b37af7991565aadc5a60b6201be07	0	False
01cf8cc1edfdd9c28ce3c40ed71deda2	0	False
c6461c9c2296fe64d0bfe1f844a93cb8	0	False
66eb9813a6d6d3fb048deb3c154cf717	0	False
39c74551db4ee1726f2b529172e0c174	0	False
16ba3f8acfad4c5994f8ecc000424b95	0	False
21018f76e20a0ca10b32ea680f021771	0	False
1bba4ca6b44b7b18e2940c29ba3047b6	0	False
94843bc9d958ff74beb262c18be9cfb1	0	False
38eb1da89f03791213ba16e1dbc34c55	0	False
8cdac7429838a2eef2b3b36336872d8c	0	False
eca6f92ac3011370c93080e32fb0606b	0	False
01d68488102c37d255587969541c3143	0	False
722bb37ece3f6f8cd6cd31befb879e12	0	False
5a58a75bd6886e77abbb0d9985e4d718	0	False
292b643ffc4f84160dd681a250e9616c	0	False
4204c4a9ad3e98e4f08ef310ce9b3692	0	False
1050cf96bd04cd63b2887d23eb1655a2	0	False
b05708a37bd1337f02609503006a8c49	0	False
ece0f183d7919f1e9cf395953938084b	0	False
4cb4380b9f0800391b904a755a79e563	0	False
147d3e1eee30bce8a69f33a1bbf530fa	0	False
66c0c625cbf482a24a4d1ec2cdf0172c	0	False
40e076de79a28c63b87e301622f23a13	0	False
af8e77f82f155ed10eb2929620c3eda3	0	False
ed5d9e006a187c122dfe16107730fb9e	0	False
876f7a9b5b1d769cbc1b14e196e2ab8a	0	False
9aecc68d8715450c2128e1deab476c2b	0	False
3df4d3af9c456d94d803fbc9bfa465cf	0	False
104cb7e19ff5ea089502ba235a282eba	0	False
261da58ef3f362802101d8179c6935f6	0	False
5d916cbf2c3c51d7d45c45b7b447ce96	0	False
c085c132b52f5ca50b63a72b6fbba31f	0	False
5047bdc009b7e1fb5cf7138802356620	0	False
4f76cf4f706a32eba3d05848f3e53e0c	0	False
c0172f4e55d80fe02a66192e64d7208f	0	False
b344d57e53db5a3900caf48649ab6a50	0	False
6aaf32b53a33d4c810e76d8fbbee42f7	0	False
e9af9139d85aa319aa9b82ade4d8fd12	0	False
f482093eb9aa4941212ad0809f4c89cf	0	False
a23404cf68d797a3a6f12f491b4f8dcc	0	False
19aa02081973a1537b5157b91423727b	0	False
0d9c5b508e501cbc54d4713a780e8ee2	0	False
a4e91d02d94e358267b2ed292079ccd9	0	False
1a313062427d15774b2dfbfaefcb2be2	0	False
e833c05d75c20ca04476227e775dbfd9	0	False
47db07c062b74ca621bb75e522e893fb	0	False
ba8a9193cbac4fe7c6520a471fac10d1	0	False
e2c11a03ba4105b74e600f50d9365f02	0	False
7a0f6fc6db308fd78093b2cb22925cf6	0	False
6dbfcef94a8143cece8f2b54e0cb3c2f	0	False
62e130e7ccd5ace76a935121324b4abd	0	False
3a2045aa5f09ed1dc694807c71f6ad3a	0	False
9958cad81b01697a27fa260231548f32	0	False
8ef745dafc8da2232f954a5a2315c528	0	False
1932583498dcdf001776c07146f7c01e	0	False
157df523f392d68dfcbd29fbced18dbf	0	False
9a6a76118347404a208155900fbc09c9	0	False
913d22060264e0ffd2364ef40eb34cfa	0	False
d87e0a9c111741c2264ba8d243fd6dd2	0	False
cbef4efcee6616cb297df58478588b25	0	False
a6c1b5a0548e9ae0095716bc9cbf147f	0	False
2dd949896b38d89300ad6f371cd7194d	0	False
ffd4c02990b9c6c95256eed89a723cf2	0	False
3e2f9236ed797203e7f9f427f34d53fd	0	False
e47294db84ff15e1e1850b9910a6666c	0	False
e4b3df2b2fa8287a231e565026e01304	0	False
2a5bf055fe57f7982c507e983cfa816f	0	False
daa79fd9c458caded929b971435a8bfe	0	False
ec9593b7c8d9f7612c96472402079ac4	0	False
8907d7f4674bfcc475f801375869acd4	0	False
46acb1f88a435afa042fdf78ef2e8452	0	False
226c119119817ce78c162a26ff8c5907	0	False
6038266eda2d283546c17c61a42e34e4	0	False
407a58978868ea472d41c5bc2111d92f	0	False
99907760b3d89db0f85a255efdf9ce55	0	False
68f19b0c6bb085ab1e1f878f5f77b519	0	False
b5a051b48eaf48c000f5c83d8248bfc2	0	False
49cb356125c3dbbc62e51f7afa237058	0	False
3635b87f370ba32eb7df5745c658a1d7	0	False
050450653dd884235672276d8b93645c	0	False
eedbe8355ad5c803e80d5bffbd6a01f7	0	False
a5a0bafa9ec62dc316d585420db241cb	0	False
5622ba230d2655831d7d7d48d9f593fd	0	False
cf7f99295c7ff5e857c9048ba4d27339	0	False
fe22b20db2716df012f43a4a16e1ce68	0	False
2176d3809de6d765dec34bd131b1cbcd	0	False
7bcf050da4a03b4488c72b5a407f0c7b	0	False
f364ac4bd92535fb6f4b180214f6b70c	0	False
7ccaf33c3d9f545d1faec4ab5e47d3c6	0	False
e1d854094b260dcae9432ebdf39c4118	0	False
e65bcbccd50e58c91157eec5519dadaf	0	False
d43026c936c0248a864c3736353b9d78	0	False
1b216d66ebc681ada32c9a246b96787d	0	False
c8c8f38106b4149c57a695deea883a67	0	False
dc35a07a1da97f046d2d0155521e35e4	0	False
a98d5fdb2fb48d0f24c7e2b5bb2df33d	0	False
16986a5129966985767cb709298a0331	0	False
80d299a58e1ce4c54f229780d3b6e957	0	False
ea7275d879ffd69d040dd6d6d4c2ab34	0	False
71496ae0f94bf57450cb23a69e2b1dc6	0	False
9133f201b4fe5d6ff75bc0a799966164	0	False
b03f53548638e2258a85c7aed3a89c9d	0	False
545486ff604e9b55eb86403a357631fa	0	False
dc8127b1a3279ee4dec1ffb84e766718	0	False
78e060471f723a2267df196f63d9f3d2	0	False
e48b6e8aa2739597eaac05393c44e955	0	False
5aea6fcb6bef9f70fcbddcb8e0b32181	0	False
e7c9b840d4f10f19fc69e1f9439f3c9b	0	False
5bd9058fdbee0a1a6d1046fd05423e42	0	False
9afaab73989c47baa40e616fb4dc8122	0	False
44ca7d8121ef1ffe8c1becc4c28040f5	0	False
00bc1dcf56ce93571777dfcf454e5770	0	False
85012d4b1fbe29856d58dff805f5caaf	0	False
6bf3498bd40f627232a250b247d85ee2	0	False
0f8e2c91e5abab6ed73344964ff5f25d	0	False
a512c379792aa179f73bcd884711057c	0	False
b4355cdf4b26f049019643c0e0de0c24	0	False
75cbeccad02222c28f5c42942b1a8908	0	False
90bbc0fc3a7228e3cb903859c7aea5ed	0	False
9eab317682ca6489cf2bcd26fbffe6e6	0	False
56888c39a75759df622ebfc4d99d3081	0	False
3fb0d880b20a3bdbdc2222dc6f3ad4a9	0	False
a30c5ac349bec317e5a4e8b5acf40c0e	0	False
c0aea22e8fe7cacf12705f5ca5d15c76	0	False
9b1ecbd3dd24e9da039b170bd4e9682e	0	False
c53cb2cb5eef48308c117d57ee54252f	0	False
3a35d31d9c2c322705c0e24c655d2bcd	0	False
6952d7fbd1d32b2170604a1d3e23cf80	0	False
934910408452cbd68663ff0312a34f57	0	False
d1df4ddb39459d8b12572fd5ffbe167e	0	False
3fcb5817e19183145f03cd7a7da92daa	0	False
5441b7d75b9c9d3f36146f043fa8ea81	0	False
e40860f249e1bfef8e208978e49eb9df	0	False
09a63e2edb85c00feb20e1311de51f9e	0	False
67728ff87d5a9758416ccf40808aaa1d	0	False
d30c4a99d383d9e64e7c3cf32dd38160	0	False
3659a4dc092148a7ff705494679adc7c	0	False
2c072f0caaf054d7c5477e0b935a0b67	0	False
37f13d16dbe96bc7b9933d1d81b8578b	0	False
74699cd4dfd9a092f99aa1a08fe3f26c	0	False
216e6a0380c487c15a246f0e277eac62	0	False
91771b78f7a6191b017f4e2898735a97	0	False
7ae98d71dd911f19a49ae947876d2367	0	False
fe08b50f42cf8beb19a0f7b76038e1cd	0	False
713dbd7ecdcb29a9458b635208c63ab8	0	False
7789cd21f5049c2f2e10cc2c5d7f8506	0	False
73c0263cbc8df48183b71c6c8eaa1ba1	0	False
0c0cd6640d40eac2aa1e736928b7a0f5	0	False
4c85de3ba70843b87943945abb407c7a	0	False
7be015ff9c39a03cc3983564cd615a2b	0	False
fed6b52dc93c8c0ea3e00de416d5df20	0	False
2be5789754c56d408571531a83f8c99d	0	False
f4a3c68a9566913c9f48612b3efb8029	0	False
2b40dd8234dd5e07a839025176f9bf8e	0	False
b0c87808520410da3021939d2cb7f9d7	0	False
d659c82e3180e31999e83dcda715811d	0	False
6a956186bd174218859409493f99a7fe	0	False
22788725833ba1e93bdd8812fd2c3b73	0	False
a44f0e08943fbabcb4e2e9ef4b269eee	0	False
63fa60084b2ee59c4a62a7f554f584f5	0	False
c0b59f5ffd72fc22769bc2b8cc189c67	0	False
2fac676e94565ad3f6f840c23f29b88d	0	False
396e7427723bc3cb80bf7dd6341ffdca	0	False
1ea8e0d2d26bf18909abf558b11b8123	0	False
0ccb382d5c5c9afd9b6872c3cadc5b1e	0	False
d104b1eaf2f7945386440099678c5b0b	0	False
c394c26d7cbccf3f9115d77e19014511	0	False
a832b8e7d99e7ed05b4a5b25f28576c7	0	False
cd037b579b30d9d9942806edea16fa3d	0	False
1141c2f93919b98851d53f6de05218a0	0	False
fad2e9e1104c7ee72ec8e95f3d834f6d	0	False
6c4ccf44c32338a6dbbe9e5ec908f49c	0	False
24b2459b6f6a07ab5238576f165dcb0e	0	False
240449d154acefb52924565f6fce24f9	0	False
ce3d1dd9ce8d6418f9e6e9f2ab5a678e	0	False
f70facd04c5afc6324cd168d61a6a2a5	0	False
564c9935547864ed6516f7d0344d05ec	0	False
2eb05b71dd8e5f61d08115a8cdff257c	0	False
2133e5f71733bd4c840c3a1e9bd21cfa	0	False
8d6b172cb5c46e7b525e90d40e497400	0	False
3f1b14605cbd66eff8e312033c44da21	0	False
ac293b0f0a5b409368b01fd1e95c0006	0	False
58dc7b6c1958a07a15bdaf68216383f6	0	False
987487c417c0774e31bf5195ebeb048d	0	False
ede8c527c09fee64af321e3032b0d87f	0	False
1489379876cf27341d447e2d0620c005	0	False
3c07b866471727db1d3f8bb1c29e4c5c	0	False
49513a26838e043a1204e60e13f1b4fe	0	False
39212efc4248632ddeff708b30d29230	0	False
6e8417424d2b5fc78db82da376026661	0	False
16520e0d4b5c72a98cda30fef6782b1e	0	False
a8515c9d4ab31dc5f3e8c045f5120ded	0	False
732d8edfa1eecc7642f8ddbf2dd94c1a	0	False
5fcaca1b03e60e9d786f12b29a1ad089	0	False
22abdef0e4616e1912751ad710ba2ccc	0	False
e460912602c290aac6fdbe6545906b20	0	False
3cd3b0ae1a839d47a48f36f0efcb679e	0	False
9a25bae99ff2243da4707db08f820ba2	0	False
ed80d9d2587f047f97f7ea0ae803a423	0	False
db8086dc5d1ddec7d9ce389c5560289f	0	False
950bd74d27a7321160b6a18e8f621048	0	False
317771174e9184bb9492e2ff377abadd	0	False
7db6dcb7a16402bda04c72e3cab5ce90	0	False
60209854abec0d4c3b1ad2a1e33ea141	0	False
5d6723e3b647f67ee30b6102dcbb31db	0	False
1f2f183370f1c7a5b90f3fdd8245db61	0	False
068e61982f8d8906b7021586c664c453	0	False
a4d6bc1df41ecf34eb73b891d459946b	0	False
068a9e820ba2af8843f2143113024a4d	0	False
506eaacbead7b2a8e6655f56077034a8	0	False
429889d8e0d7d3ccd769f46a5a796871	0	False
d78b82997d7f356d891b734b440f48a7	0	False
4fa3013ea17e420d5929685c9d902a91	0	False
f36f3e5f0e47fc210646d0512f33732d	0	False
55c78bce4d2acfa30fc6acd8a1740b96	0	False
70b7878ebd3abb70f1e82493c245d008	0	False
9fa46991fa510f23323da0a2737d0271	0	False
9108ea1be257444bb965cd5537f5634e	0	False
81843d11dd64bfb3fe0d599838f6dfa0	0	False
2508ffe2e1ad60aa76cc2718c84cd80d	0	False
d3b1c7e7ced40f2edf65d5027f1927f2	0	False
295a75bf186b5ff3398d7000f8c5b944	0	False
2a4ae8eea2fefc388fcd61ed6dc2ea7b	0	False
93319d5bd057bde3d3f37220efe72003	0	False
661b18c3327fe7bd40641182889c928b	0	False
c5ce797fcb12868384b59d7d0b0f39de	0	False
22846c67bdb8c348601649b29f65f41b	0	False
e671477c7a448650d4f1062656fe1d7c	0	False
4f6054aa4532cbee476af484fe1946d0	0	False
ecbe3c446baf7c379c5569cbc1746a30	0	False
316e4d0a0e398b1cb0c4acc677228651	0	False
fc1720672945f7c620c05146a684ef06	0	False
ea8928a854f3a2824a4db662e66d5b25	0	False
d1100e7b086a7f7d626aa1c9d21fd789	0	False
a7b583e1cf8ac0537cd8ebaa9c8cf6d0	0	False
a4a4fd69a23ddfcdf7545677e4845c49	0	False
a4f8b99365bb46fff7763c236b519aaf	0	False
54980140db172e749183db3744d8d799	0	False
ca0fd7796249bc939f156a15e842329a	0	False
7d902ca191b34536f0ed486acb72a812	0	False
af838661a1489298f55e5878f8ea5ac3	0	False
a57d4c7128ddd8606201180af2a5f18c	0	False
4259232fea766584640bd84748fb3d1e	0	False
96af63c58a4e4e6bec6df09a067294ed	0	False
13cbe2d1453b3b3e4ed302e9903967e3	0	False
8c0a06167e79bd51ffb6ba8c752368d1	0	False
a2e15737f26328476b0c4023566dcbd3	0	False
c7440d52f8e60c7fb23cbbc1e10db91f	0	False
ef14a3108c9b7f2597db146f1a669857	0	False
0bb8fcdc1ef1e345a90a039a549cb7bd	0	False
232850a9e7fcee410b66ecc63bdf32d6	0	False
616e14459a2058d319f81c61dd381f78	0	False
da9f4456dad25efef7459fb1fffc643d	0	False
fb2334582711b7cfa68feb4d5f4cbbce	0	False
ce6a536410cb005db6d1675febf489f6	0	False
71d6ad7f1137d950703ee49ac3470980	0	False
ea7fa07aa883aef9b0ba5dc7ccbadaa4	0	False
fde0e06138eea6e5e057be4f5e5efda1	0	False
cde01000fde377888c991c2d7ad3d8ea	0	False
61a7f99d58c6bce9237b8e4186673731	0	False
98e10cee4cb14bd55eb238e2e0335564	0	False
370f220c8de6162d24a85d01e6219af7	0	False
e63ffc2a5fa2cf8fb8e6c1cc4d8ee004	0	False
7da3074050cd4e8355d69e64f6cdb4b5	0	False
ac97dc8d6582ef31e9057a2d0a413f88	0	False
6044d00762bc6d9fd4962f0592ff88f0	0	False
355b5d85cf5d9c10ac9af2615d8e06db	0	False
18cc15192db1383c9b6c3be9dea2572e	0	False
5e5ef09e5125b3f525ca0c8ae5a9ee9c	0	False
846db6e8d4dc16800790f75f1a0a5aca	0	False
adf04e203570e0610315af123d0f6cc1	0	False
2de32721d9881d21063a348c74f850fc	0	False
91e81503e60a9b868371d18284029e75	0	False
795373f38ac3d6a71d20f4fc041ac1a5	0	False
18420fc8104d142f1a42021f335386c7	0	False
2805b711e93e48c84d2fa2f9fb46eb73	0	False
cf5e7d14c37ca8f2a227d561aa164381	0	False
f7646b59d407f815a7087f82ff81a997	0	False
cb9e41362fc02e6281c4e8f4c405dbbc	0	False
6b6df38921ff3c7112320b6d1d154b0d	0	False
6a9205844c32c1fedd6dbc96374df9ab	0	False
c8826cb0a6da3d814a7ed8bd9d2c0a00	0	False
bc047cb002c77ee7b3fca625aab995ea	0	False
6b6dd3a30c1dea996b70e8e521e369b4	0	False
f2c324618ba79c43cdd3d070f2df2c56	0	False
d213da0496836aa9717201623274c831	0	False
f3fb588de3031f6d0893c1985359b06a	0	False
94a4a4f635b55677e6dc4f025e0ea553	0	False
09de5814c426c6748349e364d04eae66	0	False
a9314546e0a1148accb46db9fe839fa3	0	False
2f4be0df178215992390af69af292cb0	0	False
5e295576316dba2094f06c3a5c8320f9	0	False
6ec9d5682a4aa420e431d2e33560350e	0	False
fc4b9d3b2617cda2266b53dfbd7eb063	0	False
b913f864b480ed9048a4f5e6bbbd4501	0	False
6876747296283259b84f0f1b6752880b	0	False
b79b1d4dad32de20e0f2bd0414d126dd	0	False
2d28739a43f5ece1f1703da490802c07	0	False
04887d4e6bbf39beeeaaa9773bbffef7	0	False
94a23be5b68baf1467d3813811bf1e20	0	False
304c9b8a95d383aafc79141dcaf4b085	0	False
fd3efa66e09f5656cccde8034cd84ea3	0	False
89e0ec8d395f6f8365a751917d2abc32	0	False
6ea1e0268909453bf2d6b932c9ab3344	0	False
af6e16c9fc35772153e3d124c532384a	0	False
ba79622a86913a61615a6428561572bc	0	False
1f0b8b7ff3ffa0f6b43f3728d35da744	0	False
01a14b188c3cf185e0754b7c40b38e44	0	False
66ad886da2748cbedf109f06a70e6fa8	0	False
4783150943a11847722ec4429f4bf691	0	False
a13ee2468042bb3e7fce2a7f85387a41	0	False
da1497d33dd4975991045d23cf558541	0	False
b1a0c7a8ba9a7eaa4918ac7d4d309740	0	False
a8c7cc2c405a70ce96805d0ac3f9fcfc	0	False
aae6ad17a6deed3e597f83de6b906507	0	False
3da8eab5567b23b9bfae5cd7db9b02f7	0	False
0923eb8c2492709746dc614ee860e737	0	False
8dea3e8def8ce4b20103d8ec93fce3b1	0	False
db7fb0ee52bd18d5f7a493cccc69d353	0	False
778d10a148cb7d4498070091cf03a4cd	0	False
dba9f4eee1602484676c15be90170f2b	0	False
adc841301ba209bab0ce49726d4e27d6	0	False
e52f7fc6eded2754ab1cafaf586653a0	0	False
d8ebe0a4eaa50f6b9a8de9671456c811	0	False
d8269a039d27db3ddd2cc47c3823aca6	0	False
a27d86219205401e50dba66ee9224c84	0	False
6d3ce32d6602f9d46911c64dfdc9d0b9	0	False
74b48cff1edd1107487f21f2b1468252	0	False
b2ccc9b1eb2ee99a632f1df5d5375488	0	False
0c46cb63c3aefbdb27cb7e9b57d87f73	0	False
d197ce31392a50d19a3f70db118a759e	0	False
d17dccb59b7c86f498f0f471a1a199af	0	False
98cf47e382b26f46a55b440404e5c188	0	False
ec7fb4a626274b929bf9a49eae0ac9b5	0	False
258ad76cb5ff7769ec530d9ae211d42c	0	False
82ab894073fcec49a53c6aa8a6d79576	0	False
d399da9d7c87b101eabc71f6f4a2344e	0	False
58b61ab2b4bd9ed9e9df866b114b40a9	0	False
92b94454a4f28f59c7e6bb6f22e34e1b	0	False
c6b420c2c9370206ea8fb2e57eeb90fb	0	False
b393d61d9a20a229296634f1360956ce	0	False
451188133f14c1d6b0412cce59641ff3	0	False
0b71a05ce2cc486e402df6c212a5521b	0	False
c7811ebc89cd50030abc4c54c25b25ce	0	False
6f05536267fe69b3ccf53e656a30f62c	0	False
9f0b14e615957bbbd739e63913409928	0	False
5d67611b311fdae76b2237ba6dd61de8	0	False
7b82f1ed0d4552a18140a4ae25a61e12	0	False
371c4486c5fcb7cd34ad61dd19d274da	0	False
9e78d3ed1167c8a5688e514d7f794933	0	False
502a08fac3180ba507607d99ef273aeb	0	False
384b016a0aa0b4a06ceba38c537d6ab8	0	False
bddf6501d0e11181235b31e5d2589034	0	False
1413f1a579fe1a626e34d50f7583536f	0	False
270537fac06d6a0e07e350845166318b	0	False
017950349f60266ca392be2a17f5c869	0	False
4abf3a39ccffa4a747e96aa0b186ae7e	0	False
62a0f1f512f15078a968ba032fedea1c	0	False
47eaaf5e2fecc1e47ffeb908fc316c8a	0	False
052917901ef09fcf632a11f7f686565a	0	False
6b7f74e89f571a2f4caa41151817b7b4	0	False
3da626332c899be6db1d6db66520c794	0	False
c2b734b44a37aea577a4b4970fb5a5af	0	False
e6f8d8d69ebba0568650c57678654a55	0	False
fe7294821f71a2ed6f0ccaa2b7e16094	0	False
632b40f1b0eb59eccb0782d6d856186f	0	False
f276f95a3f07e44c2055262787aee99a	0	False
f9e1c3cd336594f0dd388286452a0cb9	0	False
9f42de9cf4300183c45574db6ff393c1	0	False
add6df4fe2a1752f1117d9f91eaa8929	0	False
956f76a24fc13221d6a6749e07241b10	0	False
aacc0a60056ef9e01aff3a6eb80f6a7c	0	False
15a3810f421cc5fa91bc68ffe6c238b0	0	False
9badd75a2fa866bb3cdd5967253b520e	0	False
830e0924fe7416e69c74e92bec1a3dbc	0	False
e903a2616e29454ba8c7d31d2b550934	0	False
2ed5f402394c4ece4972a7127fb405c2	0	False
1abbdac84c701681bce8f8bbb1c4cea9	0	False
75076a729724dbac61e6937601a511b9	0	False
98a788fc7f8841f5fa19b2c16c8995ec	0	False
d555aaa3c33b57cf36ce39e1d49213f9	0	False
79c2251c81a7547dad435fcbdf8d1678	0	False
a8c0bdf7ab6cc45c88b33b1725082f0a	0	False
32e58dcd3db8609eb543031012eb5009	0	False
cb4da24dd86aaf304e38c9cd4fe286f6	0	False
7c7b8b23d3a14aff36239af6b1b7c727	0	False
06a4d4d5bda3e3fe7243610dd7d30bfc	0	False
394ab09e065615bac071e68f96bcca37	0	False
a4333062dcedf8058f4e6c05ff7e0267	0	False
3eb72bf4d6ba6d50b6dac86fe70d2b89	0	False
3f9cb0babba61666c8de08bbc57ff1ea	0	False
cc6f7fa5c523de37ea5c8683e11a16c2	0	False
636b3af6b1ffc5c8e060465009fa89f6	0	False
47a43a05d973c411d07853ea88ad956c	0	False
e5b297f934db2a2e8e6d40f8a8908eb1	0	False
dfe8e8571d0783af7fe8cea220830789	0	False
b194ff1cb4e0c186a4cc00c0afa860cd	0	False
6be890d4bcab361f1d575ddc47979939	0	False
42e3cb10ff45488702a76b51691dbfc5	0	False
27f82c0173045f6deef3f1e48ffac303	0	False
45e3648c11941c3e36b5435cb9168959	0	False
eecf66ba4e5621fc3263f2a715ee4f22	0	False
266fe7857660e6b87e773b8ba7c995ab	0	False
be8ec1a69f327a5170c9dfac59a95709	0	False
16719c38d49d4ad9b1e539509589c0c7	0	False
a29ef1737aacc18b5109f13234232196	0	False
6977789e244687398ed3b05a0f9f67a3	0	False
0c18e126860bafbbb3c70c4129d4f9fa	0	False
3776f0393ab1d5f86f27665b0ff365b8	0	False
cbdd0b1a4e520e2c86ef519b14d10a0f	0	False
bd45de49d2687a79319acc32806bdced	0	False
857bac34f72d2aa459a3108420d82507	0	False
2f04b5bf16508ae9843ea09d46b84e08	0	False
f3ee63e2c6c1a42b491e7a1ac2629c14	0	False
eb4fa9c39c35a48ebb54e1a9ec0c65b5	0	False
80e45e0ffc8a0e31cfdf12df47bcb7c8	0	False
64ff5c5cbd6486d7d4e1e5de47db7cdd	0	False
d4761731ec46ee7c8f4baccefe80ee68	0	False
38a9397f4c486d320aa259ccd6f1858d	0	False
4313800bf85f9ddbf989324f7c683d2f	0	False
0bd48ea764260d101f0d71d8b3d6a991	0	False
00f875b8c3c611be98367c1a31f39310	0	False
1660c31ecd4f44c12f891ce858e40ecb	0	False
7db505335ffb47c56a0c9a4612879820	0	False
870a331dc31e7fe2a714d194419dc9f8	0	False
17a1b1417f6f58949e6bb7a0797e5a5a	0	False
fd7868dad4e8a9de25397b7d3593c124	0	False
94e9512d7e133607f43b77ef71fd224d	0	False
5b0ee54616ce31580155cc8649be1060	0	False
05679394fae78e4e20c05a62a5f6b190	0	False
1a6020f94a8c209899ba5c4ecf791e63	0	False
a359460ed75ccfdd168c51dea3f1bda0	0	False
61b0dfc014798af435f8732f8e691f9c	0	False
b10553e4421915bac7ee702e4050690f	0	False
6cf5ed4b92243a74ffb0d4b4f1a68500	0	False
419142e1ab772c86c80df9fe560743e0	0	False
0713e1a02c1a708ce3550884994f8802	0	False
f3b8775eb8f3bcaa1544f349eff66367	0	False
560829865e0b782b21e4aa4e40a8d447	0	False
c9432a845f6e95a8084f5b04d4993ad1	0	False
0dfa3633830fa9d15de6bc1d708b4781	0	False
296762d44e2e9c0e6ba451c1aacd7b9c	0	False
8dab1b89fad2eb431cddde82c63c2778	0	False
42d5c1796a8516d3305f45230e92eaa8	0	False
76e8d3f74fbb2869496e3503912a0951	0	False
087693a67d9d9eb5bd255f1c0c474032	0	False
3a9237683cfc7f582c512098bf091046	0	False
f3655a07a8ceed26ac5695e5a0bcce66	0	False
fd23b523d5ba9ff1109635a411e9cd8f	0	False
8c791f6dba0ef746ce74627430f22375	0	False
03687cd4abc95c66f850c4634563a806	0	False
b728d56d99446bcacd596ceb956250eb	0	False
6850efac9d97aeeaf9322eb25dec65c0	0	False
c4dece92b84df67928aacbed361554b4	0	False
18ef5ecb6640a8906b0f48cbd36f4f50	0	False
8d1a310247cc16ff6719ed1d0ae265c6	0	False
f86ab7ae06d253165eb2a99d29a7f445	0	False
54fcde138321129ac3d4e73df053b753	0	False
060032f3fc327a38b6acd7847da87039	0	False
9125774b4884e6c1a9417678535d2f61	0	False
d823ab59bbc0e36d144bb8d2c54227ec	0	False
545dff67b6c319aacf1a69b2ff4a6e08	0	False
de6248f55fc0e94a4448cda92a26e3f7	0	False
b6dc1f2bdb0f256da1296b646fbea77a	0	False
c2b6f47bb222ebb84385aecbb3fc2510	0	False
42179fff9aa1c5f6ff980ef009a6ffe7	0	False
d403866788c627ab2f33aea907677cf9	0	False
d6494f17640349c4124f112b4b5586eb	0	False
de1425f5246931e77b4e33200e6c81d2	0	False
4c6f4cd7e5c377b2f3e29209eedbec50	0	False
20506f01290886329e1a1135b4b1aa89	0	False
6405770d8408e91fdcc56e2bc7e9b9d5	0	False
678dfa29aca4b9b304bb46ea84c8e310	0	False
4dcd3cf8d32da2053810e5907ce74c44	0	False
2581c105d60dba75a44c4a4376ba211d	0	False
81139e16a13eda0c7ce80719e3228d0e	0	False
e3bae84c43c30666556df4d0d45850c4	0	False
56ccc10f4a454ffeb6d8feb9646b403a	0	False
59a24284446dd4581790e5d1706911bf	0	False
ef0dd6fe1d18f9e60efc6d1fee2b1555	0	False
72eaa3f186f5b556ebda330b41648b53	0	False
3232f4d99c68de3aaca537764779b78f	0	False
c20d7eea2410b80295174aeb9782bcab	0	False
13a0cf9255592e5b28e6d61e0c72e78a	0	False
9822659fb6bc77458f7a1ca4c17a69f5	0	False
50e76c40d7e12369802210eafc9e1ab2	0	False
b96ca98ea2d352d1e2b563d8860c064f	0	False
ec40bd9c9a0677256d232b8d3229ef4e	0	False
98e55d32a08768cd7d66df11600f696a	0	False
503750afba675eae2b25b0a50415ca0d	0	False
fc7a9600052019bfd85c8d892546dd3e	0	False
16c09c24e75ca4dfb54ecd6d22736fa1	0	False
1630c3ae226a197531cf2a98959e16bb	0	False
0306e4082e4bc4ce366c0dd765aed1a1	0	False
27460bb45e4b93d150acf840a86dad83	0	False
5b3182e608a6948eeecb7e3129724ffa	0	False
1a55af07cc7605e96da3c9e1e975affd	0	False
6814b99810d0e058c815cb2d07dcd4af	0	False
881a57923404e0acd3411e97a1add423	0	False
acd6b7b39d1327f6a620145f0b117fea	0	False
0fba15a35083f228e65a821a0effff7d	0	False
c5b2e5b1549819b5c5aceedffd144fe8	0	False
2fbf6c5d03bea23d5fc00ede83d02d6c	0	False
fe0a8b1dad6a146f04cd02ea9667901d	0	False
2c6994a5738be5383b88a357af5b3af9	0	False
7d2bd022de91d550ae8ebd69c895a659	0	False
300fd14d055182b28ce39f1c02747525	0	False
7910885d21c853163e811ab922c1ec61	0	False
7ad2955377d80f2016eec3c85dac97b8	0	False
64fe80914db8c01d66fe70c2342494b8	0	False
58387f66a42c968ce86c44557dc5a6cd	0	False
229a46cc6c016ee6acdc64fc29d3fcda	0	False
41d169257b22af749f74dc6b1341c5bf	0	False
f4f16db26acbeaea536f89a8803bcfac	0	False
82bc1b90a5fe25f46f3c93f1a8a581c4	0	False
5793bcddf65c3e0a124a600f558fb577	0	False
2537c120c71c804b1f574b00aaf63cdd	0	False
13e3476f12421731da2041190591e3ae	0	False
bccc83c333ca887618bd5b1c21b30ff3	0	False
0af0d81a8f44acecfd80491fd18e08e1	0	False
0392b6c28ea9d6270042dc93f02ea340	0	False
71576ed54d4076b91664de977d875365	0	False
66669d850496bda4ff06531b3e74aaa2	0	False
a7cfa79ff4f7e214cb32f6ef3c27448a	0	False
6e0c3d39be7c9ba76cbde87a9d32653b	0	False
13fb64b59ce63fa49f831c0a8159b786	0	False
fcdc61a95167e43f0e225546cf47dff3	0	False
5df74719511c5f37cfa1ccd15a229529	0	False
32b805ce547857b8bf3628bd1d20400f	0	False
51046e675a34369b3cfcce2955556b50	0	False
a8fbe2e0d1de9e1e3466c2ba32e7c1d1	0	False
a8674ec2a62b235f7b6002179fe62a8e	0	False
637a3dc2b4e94351b090fb3da61c2f4f	0	False
7c6e780330069ec99af0134965dc937c	0	False
bf9843fc93a843a669008605a23783a4	0	False
e434b1fd6c3824f245499a1e3e16661b	0	False
cfc1ea4e718ebf2035678b3149516eb0	0	False
340426a080620611f66e808f87dabeb1	0	False
77381574d28a2bd19aac87fe8daa4f62	0	False
7adaa1433b9c13f8517cd2cbc513b0c7	0	False
09a415613a49574049133b409f912daf	0	False
ad5f33a683cfb83a11ebab5e3e8e374e	0	False
63ce1b0bcf1d9e2f0cf7499e3d42149e	0	False
7bf57d2f4ee5e000a907693ba541bcd0	0	False
d8a68a8a60c68348dc3542330b2a8d18	0	False
5598a76b27fa459566f83bfd7eacb8cc	0	False
c2785857de6f3a18a4ac7c5267f3d0b2	0	False
748bbd49b5288152cc984e0863728fc4	0	False
9c0ce34de8bee577e8229e7186ccf41d	0	False
3efaea2abf063892c2773c9967e93341	0	False
590a9ebe89735a6941c04da515876160	0	False
0162083a4c051503e2ce200bcbe3ef5e	0	False
5642e0ee0e315fbd295c94133c9b8a7a	0	False
132ed304aa260b2283cb9dda6ef32dd7	0	False
cceb4344a03a2e7553b0a097fa4d6978	0	False
89b7c781bfabda20cabf065729194b85	0	False
475a69fadb289e5cfb70bca75977427b	0	False
ec7aadfbb50a2c3e1ea0281cab0ba87f	0	False
8b485567dec0fe2df3c061d81d4b2146	0	False
371c7dc77be28b45d0a307df009552a2	0	False
c00bddd207c52d78ceaf79c452a47649	0	False
aaf826698c00cd213f1bbacbfa0ea772	0	False
1b513598202ca342c7c982ae5a6a48e6	0	False
655d4bfa2b8d416d456cec6f532496e9	0	False
03530a8ca65b24eefb2ab3ec91fd0990	0	False
6de76e8a6f0004bec39b7c9805bcb2b6	0	False
ee22e5876629a348d882b37791f02e3c	0	False
f546ad0a782bb0b278d9e008e026b391	0	False
679bf86db9838ad65246cf98537bfbe3	0	False
8dbdd1b54c5bb994ab503cc0b78cff04	0	False
2a215234f7353816ab159921012bacdc	0	False
d721bd572e937051653e12536205a9bf	0	False
c0dd959c8996da3c9678b51292efee59	0	False
c72aced89045b31d18d5e939e8f7f0fd	0	False
6c5f1d8c37d5c31373029c51da1bbf7f	0	False
c933e05b4e36aa842ce963de484f53e5	0	False
9bda7535cf5c264bb858faf64d4384cc	0	False
fc18339c6565e2b2646a25037140d60f	0	False
2dc19c65ac8adb1554ebd047ddd7803d	0	False
e109a3fc1a1a14f47b338b748c2bb3c8	0	False
09ae246b6186aa76fc86514f9eb868a7	0	False
99a150499eade7e1d41e608568904f3e	0	False
a2686927c64b076d7786234b6029a067	0	False
9cfba0cc7ed30cea66815b033eb98513	0	False
420e7bcf56329604a2a3dd46409bf7e6	0	False
ea12f149cb7a6a52a2d0647a46c9b6ce	0	False
2247f5f8152301a7a10a8502851e9d03	0	False
424da5a43355a4b4e4f5416b10f096ed	0	False
da873fc30fa0f9c19a0b8323140d6645	0	False
c9e2966a97090079c71b2c20a4a9aedc	0	False
7222077e977149ead69bdeeafca2368e	0	False
0477e998584fc5c08114cfa5848bda44	0	False
d6d706a89303795e50687701865bc707	0	False
bf431ee22f4067d51b72875eb430137b	0	False
5c1514117e64a6d6d335c21c8c38b4e7	0	False
73a2e6174aaf5486c4a9c2882a62c0a9	0	False
800346e68bac301f21662f1eda31e641	0	False
3ab4db8de12326acb737dfd7ab1844ef	0	False
a5040841ac8c7ed049ac63d1b21ad89b	0	False
aaead45273fdca73a555d8579280d3ea	0	False
bfef9c5db408892f9fdc8b561b858c1b	0	False
a6e694bb5a9b488c18d7d20a510ec6b1	0	False
5093285fbf2e728bb566fa475e5c1574	0	False
e8439586d54ffca5b1755b2133dc0785	0	False
aa4aed84cb9e265352767256e666a121	0	False
a3a5f1f518b4b2e7330e98b89cc513ba	0	False
ba57843e62a2324d5d9e95098ef6965a	0	False
e2517fd6e7df63dc6106d7e0b0fa9eaa	0	False
430477ba0357d5ae2dbe1a84b02650b2	0	False
43aa0d05a4a01a1f0e2a42ac002cf6af	0	False
10492ef89882f4a2acf4c329043d09bc	0	False
7e7710105a9ce3e71c423360d54daef2	0	False
bd7a57a3917efec30e606a52f8bd653d	0	False
71de041b87be80cdd690569a911d8f15	0	False
be07c13fe3e0dae2c91cbceeabc1b64e	0	False
af4d490c0b20e24f90f710d92cdf1289	0	False
a1b5b1060b2b43925c5082018605b68a	0	False
15a39da859eeb642bde1e368174f70bd	0	False
f0e22d23dbe2132118ae2ccd17a52634	0	False
2db9631de7ca3a0887523b0a646134e2	0	False
84324c37444d615daefd72699aba7779	0	False
96354b8e593ce87fcad7d5925cf69508	0	False
f5c5a4f4caece0381bd6c77236d4ce59	0	False
942f46c0a049a02f73a52b12963a075b	0	False
138c2f3fc93977be82ab68c01d314650	0	False
e81afe72b6b8d5ee8d100f305f997418	0	False
6eb7c83c4051e35b534afe3bf714712d	0	False
0ac9b20bae47a47c2a6eafa4a69ed49b	0	False
c074ecba87f79e3bdd390390370648cd	0	False
adde6aee36a2e7cbfb89888e209fce09	0	False
f5754140c001687d8f68a54d3c5a8d56	0	False
a56e56c1a0b2d701b3458e414950ca0b	0	False
057b044914227b00478d823f5172ac0f	0	False
cb7c246bdf0c32d1400fba91a6f7a8a1	0	False
9adf8bacc2a774008a25dde0d60a2ed3	0	False
5977471eb947e9c475222a196ba39656	0	False
64198e6c540ddfa8f2577a18dd5d1c8a	0	False
e675ae65ad0acf29e8b2d5afc37c36d4	0	False
2a201b89a1be0b5b1c60b3d5ffcf54bc	0	False
375f6b98b5719574176c31f88aa2c4a4	0	False
73d792ec4c09e0a80addacfc2175f633	0	False
76e46ce3db3fd4c953c613e36526353d	0	False
e80a58d96ca78ddb2cc91da75f176a82	0	False
6992748f40c2312f212865e0405b4ac3	0	False
a08d5d73d89aa6e72a205b014093fa2f	0	False
c0bfc6cf6fd9278a3925f417dc925111	0	False
7c2042187bc7f3111a59eb44b2455e4b	0	False
397ec47fdafe847baaa7b02b7423c2be	0	False
404a7f8f6e39f105cdf4d76fcefd390a	0	False
3aec8bff06f44208847a0e728c9d5c62	0	False
c518e830175c141b4523c6aff747024d	0	False
5a3e3f2c98dbbd12fe32682138b1e123	0	False
140ecd5d0aa04aa914abc95a5eedbf6d	0	False
d05b5eae9e972379258fe8b0b04ee69d	0	False
98e1c04c644f1ba077f06ef075fbc07d	0	False
371ff9fc4aa2732242064c70b63fbc96	0	False
c80befef459a7f49a88d98ac1732fde3	0	False
c88fdced0ff059cc64fa890501fb1628	0	False
ffc53d5f53a2b38bdd4b0825b5200206	0	False
38d0df7ee2dfdc6517e2ff5f4d559321	0	False
1837542de3724c3e2178d5cb50cc262d	0	False
7f2a406e7cff5b8103766ea6d87c9f86	0	False
fdb383d51d05e00043ffa240a3b1dfe5	0	False
5ae509885cca59638931c7a8128c80fa	0	False
c3b69d80031693e20c6590859e11d918	0	False
5d0b886ad8edd7a51e994eb79e55e34a	0	False
b24b802a9d70b54c090760565159114c	0	False
9b88bda8d00355ad685bb410533f1a60	0	False
295fefab69fac697edc9734033c3626a	0	False
5470270d7877ad9560ded5e6aa475bc2	0	False
ab7829631af18594348f0c7aef4aab36	0	False
ff12b14c55a0ad016593b70d39d537cf	0	False
2a586d60e390f46f9ee48ded26c3dc71	0	False
838b78aa8600ef0ab58fe0b23d5d8b09	0	False
fd95a924056f058f7408c74bfcfcd323	0	False
ac00cfbd8421bfb391e9d092720e9362	0	False
1b7bdc3025752278a2ae59706c19679d	0	False
6dbbcdb40f0636fb9319379098e617b7	0	False
76623a6ebde9e1fe1578a385db6877ec	0	False
c3e05404d1aba3ed779a5941c5898321	0	False
f09be6c8479f44afc5ecb9b84759fd39	0	False
8c08573987ad865003d21aa3871ccb7c	0	False
921199675d3e2ac94f73c161d6f9087e	0	False
afdcdb180a2c8420b244d0bf3c8f20f1	0	False
a5a3e39ef4fb8f94168cb5efa0a8edd0	0	False
697c11bdf9001e9bc1f56f81e7c8cd8c	0	False
a80397a1cbf45c6818f83188b2c73ce2	0	False
170e9aef22488aa46cffbe84626dd10d	0	False
c481416997ece7aafc281493c1836f8b	0	False
7435915fbcf72360678ba4a95c1931a3	0	False
50d4bace2911b9b01bdc31dcc60aded5	0	False
190234bf739609817a9c538c8189c5b3	0	False
b05bc6eba82f1ff368bff3c7677efbf1	0	False
ff7d815277e46e83f271a16b022474cf	0	False
4ffabf2d19d421456c0125fc4ee13ffa	0	False
ef1307a028491273ab4166aee8638ee5	0	False
b8fc3e26a133bacd24386eae5c568013	0	False
08a258dfbb3e130ce339380977080510	0	False
a5953e5f9250a3f0f7148acd1fc2ec96	0	False
fb2f9ecd26cc3ba7a4ba13b909827908	0	False
721a710b3adfad7463612a9e18597eca	0	False
cd3bfc09a525c9b0436d6ad75edf8793	0	False
28f98fc8b2d236579981f99fb46c3f9f	0	False
c3b3f5ecbc18779553e595685dc0e210	0	False
2db8db24fa97a5de70351210765395c8	0	False
68f9e29e1152aaa75ed7931914c933d5	0	False
a90b9f7be06beb72a68f0b5490f71b05	0	False
df2130e7f7cce458329ea5dab33286a1	0	False
e27817e22dcc949afdba52cb1504f256	0	False
4010cccf9dcbb0fa5eaf2fc0009001fb	0	False
daf257d59889b7245313a031299bd4ad	0	False
5a74da8e79127428e8ddfc1e10c2365a	0	False
a9798c3692795ab7e2230673b83d844f	0	False
e685a535912a0cc1b40df16ee33c0032	0	False
ad44ac8b023581da0a99b21972e6f68d	0	False
e536535b974d9b9008478594db824d4a	0	False
3b25eb6b44409d06a1163ae7d1d524c0	0	False
760889baff97d50c0582433e5240f418	0	False
7bd2952b2314e4fb9908ed887bc8f2e9	0	False
5c849d2b7dd7faf9d9653efaead8456c	0	False
03c4500032a3a86631c23a7a8ca2f334	0	False
42c5d5d56b8b460e738d15abb361ce87	0	False
ebe1f5236e195ecb5655bd5bb182e3a8	0	False
2b2118f80aee935561fed50642e84da0	0	False
62a632532998e97d7a086e212318e895	0	False
081d779fa5eb312eeff6ee0cff0eab5f	0	False
84b75d19ab4b13a6ec1e69bfbccbf741	0	False
5ab4d4d2d11756b8d1abd7b8282bb560	0	False
f2078eddeda04480b63031da7a465bc3	0	False
10835efcfb13904d0e393d5fcecb5ff3	0	False
d9604a0cdb625df0974f0397543c42c9	0	False
ec36155527023140b296f196994e1dc8	0	False
fdbf3db18ed0ee0d5b9a9e27ffa302ad	0	False
8020b01b11aca0d342c697cfd6e98a43	0	False
180a6d842c3d43763499b08005514c67	0	False
3be60c762e18ca38a3d28f2ec80128a4	0	False
fb46638ca3e0f51134a4c199ac9d44e5	0	False
1bee3507c3fdc477e19cfb561b3f6724	0	False
25b706c1fbe2c98f240e97eff5951a01	0	False
c692f3d4fd6b01123544e88452d8f40c	0	False
8f8ff03bce204179f8b1952aef24a038	0	False
ce832d694dd6767928628bcab2260138	0	False
9f9bf8557bedfc5438b93745a17d6a8f	0	False
883becf7bba054901f6a42fef42b5c3e	0	False
c52d264b402f22cb3d383ae5bbf22bf4	0	False
3cf15ad433e2f3639be00c43a579b239	0	False
7c87655cff7b22c2b22ac5535ddf02d8	0	False
a5b626c66650778f2933931463ca3946	0	False
facc17b4573e14666a3f0655491ac76a	0	False
95ca27dbfb9a7eca7a6fc8eacb258839	0	False
9696129f071ae099ff9cb37955943923	0	False
e0fc002a71bdc4893cace83a296f68ba	0	False
5f83d48fa33ed63bb73226dbdfde8014	0	False
5eb0acdb9d70d80b899c2ec911598205	0	False
9600ccb0de2f188db296d050bbbc8f26	0	False
0c4cea2256531d3721b18c96c0064e62	0	False
c2fd5a3c64c999e4d253a3e8869b10a5	0	False
b47303793413a5ad6ec22842c9aba433	0	False
abe2f6eddd9d2eece9de5c435b2785c4	0	False
8c9ad4830d83149651fb7c79081afb01	0	False
497b278487ac2d646da0f00b867f7f88	0	False
97ca500fc72c4b3d4277710f595d3521	0	False
e40a86740d37f358f17a456db809ce4c	0	False
66021063becf9d69ef9180148159a4eb	0	False
d331513ca83d2e50c65455cf8b6c86ae	0	False
760e4e0b7ae803e56da0635c0ffa8721	0	False
247a6af39bc443ca745be455c0fe133d	0	False
e1f36fb098628bf35e14a9195791cc9d	0	False
5acf0ce527a63d78c3f72670b4d1c1dd	0	False
4f05877292acb3ccd932f429a42ce70d	0	False
172018caa12352c94b5ef02d8faa3e77	0	False
c36ddb9710e01db06b0181f7f6e4d1ba	0	False
47958a962550cf2abb28a65b841f18e2	0	False
000493758d967a6a92be3412b2a3aa81	0	False
824e9ee5b49b5fab06d07f90c9e6b3e5	0	False
daaf853aa10f4f6a273236ec15c5b77f	0	False
0d8689f6c478facabd6f070318f5f079	0	False
475c2b250ee0422ee29796e8919802c4	0	False
4afc91d1513c403572b261edcd6868c0	0	False
ead9304ff1c26475bf7dfeb0dd371a4c	0	False
a33b49772c09d64bb3ed8ff6cc524f38	0	False
1b82758fd9b6a33175e6916faf39efa2	0	False
3ff27cdef05ae67c960e0b0b63a1315f	0	False
e12742ea56088f2d1db4b75b5c0c2c7e	0	False
a7483544fc52221e2b5f4a1cfeb61f4a	0	False
df01f7fe6a101db784c2512669a4df71	0	False
6a19f5928ebf9828680792011e83af11	0	False
2ae312f03ec56945482e9f3607eb1c4a	0	False
a8ef536ac6d739de68a4118b7816f9f9	0	False
5e7eb930ec2c4d4f423992280d64c4c9	0	False
fa7ad9a19e4c67593874d191495a6efa	0	False
dce51b72d3904c2767045f25122c1003	0	False
29850b43e665ffee64d16b0ba1d388a1	0	False
df4b83f6587ebd799c96119964d7b746	0	False
a2d0831c9c20d9d8e2c605c5eb22465b	0	False
3cefca6aaad8fe2bd0b8ddcc5aa76b01	0	False
543300fe1f9fa085f310da9f617372b4	0	False
1d3b34c9718394113b5746441ace9eb2	0	False
0c1bd044a319d3895dcd51395d387d35	0	False
686301a43e861a82f73ce203418c7b1c	0	False
20b75a66944f5d06fc83348f65e667ee	0	False
94a03d68dd915bcb10f70307bec81100	0	False
8d16d1b2e1609bcd6fa9e357b5cf6be1	0	False
13bf76ab93d09d774b36057a14c40176	0	False
390563f6766a9e999023b6222ff8b2c3	0	False
e0e94d588e8f329d26669cce3da81563	0	False
e019e4cc4afa8f66201eb3f9d6d6f770	0	False
296ae4de1808f96a4b4e4eb89954485f	0	False
1e90f6c7caf941a240a8b974fdd81308	0	False
0dacc3cff6729ced20f237a6d16215a0	0	False
8ba6cc51750208424caf3f1a60e2d58e	0	False
13ac970dcfb30d651c687ed051260cf9	0	False
0302a141472d00d6cc6565219971c8ca	0	False
328e4f67ef39d141e73f6eb75c7780f9	0	False
1f68d5f629c7e8d01524d886aaf4257b	0	False
8c1604a7b349efc6c70f3f6111e247cd	0	False
f75893b9ae87ecdbd08a0ff9bc74968b	0	False
1f1184b57f1818b92208f958c15b6733	0	False
7bcc71dc220c510821ce88486b1507c4	0	False
6474e2d37acfaa57c8031d0602f95777	0	False
425abbe6041cef0d87c6e31d796d5ca6	0	False
6ef482feaf73dd7748770f429323316a	0	False
6e89d3e143ac7f006d6dc97a3b18b033	0	False
04d1f4d85cddbc1111533a46085d3bad	0	False
0e9c9ffb5d4e580d94adc6d7d21b1536	0	False
8cdfbbb863fc0cb25d3f93ce362fc99e	0	False
12bdc4c74df6ed820aa6296925d52e87	0	False
cd0af036eb7ccf979b6acc46b69eeacf	0	False
3daebc82a1eb91ee0670068b195032d0	0	False
84dac0c3bb598af90b8b1133327b01eb	0	False
1d0bb7fa4eebfc8825fd5ee9fc786c19	0	False
2b37dce0cdde840753aed01de89a66b4	0	False
7dd4146c6209391f9d5d0208f74e922e	0	False
8b50a0572ffdf356d6e676112648371b	0	False
7ec8dd3487785372cf2e9a4ec265f3c5	0	False
33214f198a0f66787d50f795112aff91	0	False
7e68c487eb29d60161828f84f8dc3f54	0	False
3a486e39d1abb0f86bb6690d73244da5	0	False
dcd725f971a5c3b2515dfb29736d1b20	0	False
f5473200c1a17ec0a9d416107d95c379	0	False
da6dac832f40ab47ec6d218dda962a7a	0	False
7c530d20788f8acc105747551c28fd37	0	False
b9e35fbb1eee765a5367a2e95fae87a7	0	False
2f739ce329934d68789e0e8b9357a563	0	False
2599b2013a68967b85b575ca76e0c8b4	0	False
7fa599dc515272e4cff3464a6be0db14	0	False
5edae69515832406d0e209a57b869fd0	0	False
7b97fe9a4fcc33d6fc44c3fdbbf905c2	0	False
3873b5671bfc8bdfaf191023edb73077	0	False
5efce10139c5aac70ebe2c846f40de19	0	False
07edfda5f78f3f02bff5bc5fcd10d0f7	0	False
8806f44856b0b66c685edb3b6a9172fc	0	False
ca5a2e25b25f29dac87186947eecbf3f	0	False
16cc1efc4f36227d50cd2770a754b343	0	False
7309fd0ace9b68648b3afbdbce76323c	0	False
41fbe15c6b553dc1940f76cbf111246d	0	False
58b8f32590ed97f5b5efa067cb9eb1cd	0	False
2559a0eaf7c4cd22283dc6c3590b0b54	0	False
70676415a0fad93091af0be40051a332	0	False
49915b0cdaaff64cd676ce9a03d1441e	0	False
beaf73d03a5dc37b4242ada40c0881ae	0	False
59217ba631f261bf440ac74cec9651e7	0	False
2c100966b4679ec7e52f4cf542d1ddef	0	False
b9f0751497130764d16822d16af9b913	0	False
ce7dd1caf4448800f7c81f66f7a0122d	0	False
679e1d4b3076b678f8904234463c7e44	0	False
4d589740093cd0d26ff1f195bab12a8c	0	False
4e5ee95f2cc884af8dee692935b04a35	0	False
d8c852068533da778748af5f8f78ea09	0	False
65c16498fbe69e81067fdc20bc52f5c0	0	False
4adbe068c65352beba85f814c0cfc0f7	0	False
b5ba0e69b1379a1d971890d9bcac25b7	0	False
b618027eff780fde2b135cde9036a7e3	0	False
0a61ffb6c296a8bb0229dedb85593122	0	False
431a6ae1522bb0b097e3d5df6ac1f1c5	0	False
19e44e9cb2a70e837d16838aaa27f8f4	0	False
f6d36c8df8646607efc6c71c2fc50fe4	0	False
e2357037fcc5f1911b453460a16ae36e	0	False
a47f22a0c1ada8908fdb8c98af843a53	0	False
72a1b98f3d7f0b5e08fab2c3e327880e	0	False
b4b12cad25364e62635ca7984d6964f7	0	False
0be1e8f26e57b626c1d2e88bb258d25e	0	False
108c954516a8ba828f6970fb79cfc2fe	0	False
d025221d6cd48232bc843f3d7820e1a6	0	False
684595d7fe84e01b48b18238fd2803bb	0	False
46e4d3cac0dfa44f47ad67dce1dcea99	0	False
81b7ab7e8bf0b70c4e03a4a10fc3f049	0	False
0f9f54cf63a6b39c9ae76ffb8c966fb7	0	False
db970352bd41c9eec7293aa4706962fb	0	False
490667ee88640859a94aecc4a204af42	0	False
3c83a7855c99da9d6fd76f4c36757bd7	0	False
3947f403b7b51ab6a0441b7e914c2815	0	False
5a35fdec90504f6d8b472b54451edc37	0	False
8a33bbd2a0cbebabb2d1f5151dee7e11	0	False
3d10c306cdaad816eb60d0c0602ad622	0	False
2851eade28ec2b68d44db3cc4d02a127	0	False
2eb08b79940fd79c49c2499e2477cc82	0	False
3b003ac7a0252f166930be50b378ae78	0	False
ecfb43a48e77dfc53736cfef924b846f	0	False
a7a3831a20ca5fdb5ba9ac972277a0e9	0	False
7c5d9788a0f68d4a649add680d05f59d	0	False
4bf140251ca530cbaa3a010f32a22ff2	0	False
58c9551286f05f273e2e2207b08231d1	0	False
e9b96a009fe5942fa28357c6ba0f468c	0	False
68333efa37d9ffd6670ce24a2fe39d26	0	False
172598eaee85e261ad036d276304ed22	0	False
a23ddfb7c47696f9a93bd590ca2b9009	0	False
dbaf87a3f075f9b12ed23fd637dbbe47	0	False
49f08df6fc2ce09f9beb16f344ea2bd4	0	False
839ea911d9212cd54064e59d5d08fc3b	0	False
242518985f0a831ac7cba8f7bd011f05	0	False
f9b6deed4e40ec6fbd786bf872b5d8bb	0	False
79a6edac68c19203c3f944ff4c845532	0	False
728387bc0f37b6dec3a1c73ddf2ac189	0	False
c519d9b15ec0deb180bcb2beb2542fb4	0	False
131fd0a8983104fe4ee4b8ac4b621b44	0	False
454a2f980b57af7ed2e29252fdb29350	0	False
ad716fd984c423c1600b55e501b55b95	0	False
c96a73d965a1e78f88b0d0bffa60abb5	0	False
810b9eab26c70a91d1988b0df7a74d6d	0	False
4e820b71fc3ddc06ffa0f89031bd861a	0	False
3237b7d412c3d8388bafef28bca255bc	0	False
b99d620a24d344d1e6cd69322b0d22b6	0	False
0b58c87f128a3ac36a5a09a5e59c8bdf	0	False
8246aca6748a022d6d9e1e9cf8c5dfb3	0	False
e092a69c9c60146166c2bec0bc28a46d	0	False
7540cf6f2f91a143530ffe2ce1a07773	0	False
64ead196c9a937124fad55a05e4de55e	0	False
1b5b24c4e5881cd7179c7a6a46045d35	0	False
441483796d5a41379ffc097abeec6d65	0	False
6b56df33b2d41e1e8b1e05dad11c160f	0	False
2dbc005a8eb4227ebd215e5178f37a4d	0	False
72d26a7a38515d318bd2ee8d63373bd1	0	False
4f0e42f5407f221a880e701947ef05c5	0	False
c01e84dd6a605a11791688434f103410	0	False
ee08c5fed782938d4b4827ceb5c99796	0	False
0c1798e07264bcfcb08398691c6020ab	0	False
7d1df8d73815be6df6431bb986c28a1a	0	False
376a17652537f396286305963314395d	0	False
4c1ce217ab9b541192d125b5652e9dc0	0	False
a668f04171a814cc101ceb42186d2b12	0	False
bece1b37b4cc5b90b40aad5d7cb68a23	0	False
bd3134f1796a5fe6297c2c1f8ef564d8	0	False
d0f0cd5077efe3d4db578ec8770feb1d	0	False
b95ccd50e23f1888c3b04fd76660a508	0	False
2c38b2c88d45f2a84ef1fd09cfa0766e	0	False
199396dd099a60520cabbbbb6e544aec	0	False
9e57e07ee5ff7e274cd37d243202db92	0	False
0e0e79f9f649c05ea1b8af77c6987565	0	False
58877f029301b1860239effc80b4935f	0	False
ab9c00e385875a7f388f85de7672fe1f	0	False
ed83a8bc469c874bfb133c5025aefb5f	0	False
77f51b7dcf5e68eb55062dbf789aaa5f	0	False
293518b8ac80bfbbc7d9224f907dbf30	0	False
46e55cb71875cb8d49673476b8cd1d3c	0	False
613be93ce8517e85e6497803e2b4968f	0	False
159fbf497198bd5186e287e1139e361d	0	False
c12e00e373a00ff1c29111fa2da9695a	0	False
9a5acec5f088e0ac246cdcb78c4f8d49	0	False
3b706a1de2e4301c79f41b0af10b4962	0	False
7281caa9639dab64d682c112fca845d5	0	False
eff0a735e1f0bff188ef81cc6e1871bf	0	False
fdd3870a61e94e0213ebbe7705e598f6	0	False
3b067ce89e0241d3a7e4219ed3b3f6ba	0	False
79b0c5e72dd51bb56b8e7317641aee9e	0	False
009032568bf399feaa2dc3d749ea6c4e	0	False
ba8ea6b0d181dc0f8f49ae90e5d1310a	0	False
20a31f691f056f607b42b39b1cd26a04	0	False
33bc75a0f911877eb5720879d7b11b38	0	False
711cd153a197229e9dac89ae8be9e804	0	False
bc30e9c4320b321d03e1e31956969721	0	False
4310574266eb61bd60b4f5696903eead	0	False
45ed18f12fc016ef8198717d96d1857e	0	False
41bd8b211db85b9b1e30e1c02b21c6f0	0	False
b76ee93dab17b888e83190554838dea6	0	False
b2a955231beea36212402cb0113831be	0	False
80463e0808ff6201066801d692afbafd	0	False
e8306e67a1f0b27fe79d00ebf6eeb91b	0	False
32109686ec2971bb5434e915c0a0f96c	0	False
d57219fc2e113567ee902e813ba0a70c	0	False
c6a102e284565579f72dee8d003eab68	0	False
0c30b7e99fe870718dd5013a96613300	0	False
d48380b4b4f7c66bcb40e585b4288469	0	False
212e3d96a4bfbf95c540cf05c429b8d0	0	False
d65df4122ce46b0810cfd6bb35525838	0	False
4dcdb6cdcf413f0c33588a4ae8ddb8d9	0	False
867f65d6b5a2a300e35ddfaca3efb72c	0	False
c9c9820ffdfcd944616a19aedaf30e37	0	False
b5f843141fde3611b2c8eeacfc6a12d0	0	False
5e5fdaa5d93694e2a83bfcc040fb802b	0	False
3c36363f2f42f2599499a4fdcdcd68ea	0	False
b75dba6cd78b492f1cba9ec2c544e45a	0	False
dab2380b359c8213a873ffdc3651fcff	0	False
e199a9d4174fdb96fa873b005dfcbb35	0	False
38f7939dbca5d283d69af077219645c0	0	False
9808457ae4bfa0b29454938d1fbabab7	0	False
7890810adc4fc623aaeca4d87357f43b	0	False
42ce0d562f11289a10ab35c50a84642e	0	False
cf33c8961e19bfa731dfb7d71dd8b30a	0	False
30d41c9412dfa5d2754eb0933c90439f	0	False
948234984deb9aeec3810d27067017ba	0	False
df37cb78a1a4a5c1b145becc44ff125e	0	False
e19d3d2684e02b95a92802d038f9ae9d	0	False
90f3ae8912c576de9f052be0acd0b040	0	False
b747493be8e2793f8dc4f7b30b077a42	0	False
a503da84ee516585dffbc866725f9c9f	0	False
944b168e0cee03e33afb6c7a334ec650	0	False
a6f03eba971a186a72ad030b947a9bf0	0	False
765f1018f317de3c5a209a5ed1be3bb4	0	False
1ec01734dff39740e94c010ab5e6afe4	0	False
73688231b3b2259552cfaa508a98e475	0	False
e04e10a79d782a4c827e32886ea81135	0	False
8777b531621d14d8173057b92dc69807	0	False
d19ad3a2d608be854b820a4506e51f86	0	False
5d8115f1b0e8007feca0f2a1de49ec2a	0	False
7c07c94ac78c42af7ccc3f697ee27d96	0	False
322080408f4cdbdb21cd9422871e5564	0	False
d8d6c66b6288590706d83b807823814d	0	False
bfb410be5eeccf9cfac05b34661af5af	0	False
2f67133bfafe8d24bc085cf1846771b7	0	False
43c662ce05c5aef05cb334996a5275a4	0	False
100af7c15f2da11dc5624ae360774b29	0	False
5730531d15de203671be88a14531e5a4	0	False
c2daa0da1e27142f2a667c80a950b129	0	False
8ad56d7cda9c983d66d3e0b0bc9a8523	0	False
030a0b81c0ae52159eefd84c1a50bf89	0	False
eb151358d31ed2b00365d6109ca9364b	0	False
bcffe3a477fac4bc344098217a51ad9d	0	False
6d6b2f0755868d7698f1f8d754e81d68	0	False
7b22b42998b865f83b90a96ff57d1005	0	False
8c4633e7ac9c841aa458519ed92c2054	0	False
45128bd7cfbc3b00514598bb032ce7a2	0	False
c942fa31fff2f81eef5365aa2dc2b658	0	False
8b9cf5f9ab3af707c0c0d7b480d54918	0	False
a9d3b8f68b4f7b472d85c5b73c7ea736	0	False
d4a83a6fe33b79b66b978ed46a04d62d	0	False
8688a4a7b0e5bc330ba05c49324b893d	0	False
a77a60352d74b1e3b0cff248f8e822d0	0	False
a3f162c1b593d79d1295c5e2c76cfdae	0	False
d457659f86922b07f7d844127ddd469f	0	False
93efefab00271a03d2fbe90b8aca9369	0	False
43ed1f16a955059e701655cd0e45a8f4	0	False
ce203d1ae0f90f2bd7a1f8c8944d4b43	0	False
d1095ad7d25be582e7461a3061057327	0	False
e0ccb7507d5dd37507017453d2ef2e69	0	False
e9c1aa12cf8bba8fd7517e88a5d98958	0	False
2fc0502d74108aab4caee4ef39652dc9	0	False
2490b2526a5a0f625e4fe9d98ac07640	0	False
15101085a566df8eb4cbc398b999b084	0	False
69cffc07dcadb99017da12e6d322b6e5	0	False
6ab062f76531952a2106d5f0b62417fb	0	False
1b9fcae98580731335e183bfbfd3a8bc	0	False
0740d5f0d1ffacce77dbbcc5215cbde9	0	False
5f4b845ac8c58f4f42c3122a08392bf8	0	False
51cc0b7c8f2fb79f376e0e8f735c1e11	0	False
afd867631e5fafb3dbce7d2f371bb815	0	False
016b2b9e0704ee6f0ecd8745bd6b7797	0	False
35b2775ffba857b93993be6f20c7b792	0	False
20ae5b58ae2a7eb4bf1d29feb3272998	0	False
725e5ef1aa31b5e3750c75793ed26542	0	False
13664856d462a501b0e4f62ba735fe00	0	False
eb8780d456d5a346933ab73914efd2be	0	False
9b063f7db1c4271f866f1a97bc2eeeed	0	False
55fe938441087e77683e3c9ceb9eaf6a	0	False
acead427221327e7b2690699e35c75e7	0	False
a960754c4e5d07260fd6eaaa5d0ac537	0	False
f5943c01b19831985e155dc765357f2b	0	False
da1feef6e0255dc7aa7a530ce738ca23	0	False
b89fd236f1c45ff4db94a1fa20048b8b	0	False
25b5e8819992f9328d7b5822d4e741bf	0	False
9314a430b52847b8ed0d3e089033e69a	0	False
96516105fb76e1379a5d5edd4cb9edde	0	False
8c2bb1be8e17dd47ff5c05bb323698ef	0	False
b9f90b9865abd5fd3499e82162584466	0	False
24d29c332010c2ff8d198723bd420694	0	False
66ff3ac52c9d4793cc057d3fcf9c6523	0	False
782d69147ffb667db735b31f002d1c46	0	False
8af29b403abacf9e5fc62d8330be80a7	0	False
e8e87b1f20b0c7a2177d8470de032168	0	False
3e680cbc1a67fba2d99958a617fa799f	0	False
e33e0dbac59abe0ce49429ad106b5cc0	0	False
afd138e837dfd354920ce6528433f81c	0	False
56a752c2aab4ffa60bd1b0cf3fb559b1	0	False
75248e1080358572f3d03feaf211212f	0	False
625ac4424ad0eadb0c6d846a85e691fd	0	False
b3b1859a640a99061d330c003aa2ac82	0	False
908b56b5ef8a3e362e7417c0311a2e9f	0	False
bc988b640e8b80992103dd2919ab3985	0	False
ce7ae6952c54e8acdda6dfbffdcd2053	0	False
341dfbe11a034cf34d83c312930bf91c	0	False
b49a9df858e73c147084b3e4e37ef8d0	0	False
0c94bf61cd3ab9e0c218e42d74dadd57	0	False
6ced4458be45c50f7fcb8da931378149	0	False
80acc05eb9d97bf50d2a6bd4a677a78d	0	False
3e5a42d614f96766aeb01f99d1c1aa7d	0	False
8f5550d92de9d9dae60b0da230d19a9f	0	False
1fe2907384a1286c47f245d2c3910475	0	False
8cd93948b4734feb4953f0afefa6c81a	0	False
e461302b166467cfb55772b2e7cf4860	0	False
2c80a3005b2743f70fd4749942a61b0a	0	False
7751b61611effbc4c975539b6d84fc5a	0	False
48b210801f54d60d06722ef220ee45c0	0	False
47e7e3549f8c348f3fd88b73f6d553a5	0	False
3128479080044c067c4670051148e75c	0	False
d62e86fb0d600aa8b7588945adb7dc80	0	False
22d0525b7a1fa302f39f185ed558336d	0	False
1afad1911092c5a50f1607cdf13ef58f	0	False
da88d8ceab4bde645aaa6f8a1be619bc	0	False
0b17d4478ef0cec0c229d3e3e5360a4d	0	False
1187b3960339e38ccd81af3019b2d390	0	False
1e6265efa57e5d0cc33eb0fdd881f63f	0	False
156fbc786dcd3079b3b68ab136f60241	0	False
2f8b2d82019355949308d54834ef7af9	0	False
d1dd9b7e74ed27c45799eede2f5efff7	0	False
969dddbeba0619e0e8bb2ade6853b061	0	False
a763f2a424e13ac300d1bcd5147694f3	0	False
1c957a07991bf90902ffaaec51ebc846	0	False
8f0b4ee12fc5f1cb62c75177dca4c07d	0	False
e1c84b494842aec93c543cd41bf8bd1f	0	False
baed3e6fb99f97dd47056e44f5e58373	0	False
1f64fc54ecfc7ca163f5745e1aab1afa	0	False
d70e6c4876efb2d30c64f1400a4b07a2	0	False
ebc2b9765647f59b2cc9b79ebf2e919e	0	False
09b0e4a3a3194929823aed9064bac343	0	False
a6ec4615e81aa4fcea27fcb2e1268109	0	False
de88b40f802cebbbd71f25671225b934	0	False
4bec1384f9254ca6da12c4fbe873acb3	0	False
b7db9a86b151376ba1d92ffc3551d6e1	0	False
3181e9728c051dc7ad650210f12c5277	0	False
aaddefb7d4e99d89a4a908b161ed23f2	0	False
b18f40e84de6c63896886185f4a70f69	0	False
7eec120f9d61da242eb139dbe2314e23	0	False
42cd8f744b74af12b7890bc3db6757b3	0	False
3690910a24d2d9524edac23ef4556fb9	0	False
87798902eed22ef7b13fe3085ac1846b	0	False
8d973f2ca11d1d91f003fb8877fffe36	0	False
cff163cf98c0e7ff0b667dce8d83a6ef	0	False
bf1f75e27a2543b7cf011694c560d4a0	0	False
9152e5c54d8d128279c8f024090b592f	0	False
7c33632070910c57caf350c8dcd79f89	0	False
2949612ff1c2858670cf9202f68df723	0	False
c3c9967f764a2a8fe693524ef3790c4b	0	False
f0b8195eec5a2ca4c8098de698ac9117	0	False
2bb667518e4c2ec788bfdb5f0cfd477c	0	False
00cd23032b62d44b8379655273ee4358	0	False
9454bc7945849167cbe9a6e62fba0fc0	0	False
6a241f1b5cd76706d2e3eac8e1d4ba99	0	False
41624215c00f259b13c8fa7dddc8735c	0	False
ec2f4a05b4be95fb3b2177d5e48f27ba	0	False
cdeb75641a1c0cb8bec2c1b4a552bc41	0	False
babf995572356e633f920eebe7ac7ff6	0	False
7f644081a354f0d45f6cc0d02c69cb3c	0	False
2d323ae0cbe209f58f433bead27247bc	0	False
d396296663b1e98a267463c1f5e7a60b	0	False
0703702297902f717c0897f787420bb1	0	False
db0227ff383e1e7e823649113615ac04	0	False
2d88b6cb81a24417208ea97705cdc4bf	0	False
c22685d6f336ed159b435c1d03c5549a	0	False
7f817c3675bca1a1a018450ad72ce33a	0	False
91f6ec5fc6dc605c23d518a57f118bb3	0	False
ba9188eb668d66bcbe5ef8154c23145e	0	False
7361277757c427447e58a52b5f45a5ce	0	False
723e1b26c2d3a807d5cd18b21dbc0afb	0	False
158e868b2862ec42e6f86a689661fb22	0	False
bb14c73497ce9648bd59c1f8f76b069d	0	False
b85a71c70e5714b73a7088c1856c6781	0	False
0e86d8dc85d399fbfb5f55aa8c1cca84	0	False
a625f48ad35599c16c480480b1e36f55	0	False
071fdf4e786d560ad4e1bcce0d7a71e2	0	False
0ce5f495027223dcd33340f176910dc9	0	False
4e191b19c90ab2a6c8abe6e37a8a42d2	0	False
01931b0adfd77781e18321bda9a36a90	0	False
d20dfb4b28b6c09e493af9ef87d8a78d	0	False
4b49e1dd98818a9f14e3bb7340c467b6	0	False
fd51761c77d34e7a787b3f384664813d	0	False
3c2bcbcaeb1ec271db346292efa67da4	0	False
0dee3e4fa72c43c90b3c1cf6af4fdb26	0	False
9fd5d7c990509d0305397f104a34485a	0	False
1f8d2c18743c0ccc48a2fd4129166c66	0	False
6a17fca5fe32e17f542e3bba77e4dc40	0	False
de1c32572e3d055e739da95a634bdb2f	0	False
5c5ce9d47d83cf7d9196a43d877de5d7	0	False
d1d72c8dde9ea93c0835da524b123e77	0	False
a931f1dc02b74f1459109d28139287bc	0	False
23e4c7d16fffa16a80dff57dec9a5b3b	0	False
f5c3501f5e67a68dd0fb3157a8d19659	0	False
54090ea392cc3e43f23f902460e1af44	0	False
82c3180a8b0414f75fb1741634a797a9	0	False
359ef382fb33a2bfbe1e1c9df30d0647	0	False
03fe221253d6807994266b676fa244b9	0	False
deb598f56d29837a8122a87559a8e259	0	False
f538d124f6d759c3a71e0de921351f92	0	False
98018027c28ae65dcc646139641b0575	0	False
efbf6efef7bac026a3439e588b27e495	0	False
748743198ee83ee0c2f4ec6a248c92af	0	False
69ae26b0fee0acfae59a9c066e4de682	0	False
f5c6a7997c1e683ceadcaabcbb4a2c9b	0	False
0fcf844a2a0a6636be9b5ee38fe56432	0	False
b4c26b0e01e367c54bd84c2d3c84c640	0	False
ad96c5005b668f48ba4636ed8c37184d	0	False
ef26f05f7674f56af685d3b091026b54	0	False
e1c600c5656655f81ffff5579406adf8	0	False
e1d8cc454ec23f6c03e592b817b35ee4	0	False
0cd1abf1a5447f0c692a49c1384375b0	0	False
d1738407ef7c41dc3c45c13066e2793a	0	False
b43d0f8a4d5ab01a5491fb69d8f64890	0	False
cbf661cfc5d9d94c1b14af6ff0e5ff41	0	False
41813e17aee77808cfb4d5f56d92861c	0	False
90f2d71181a333a3fca29d5d88d820c4	0	False
bb82dee5e112fdcd068ce293351d4b6b	0	False
fbe7fdec5600377bc0d03e08c59b2d68	0	False
f3d1e880bd448a77c12331ca86c33d34	0	False
8e0dfaa4ffd27644a53efafd8f5d46c8	0	False
e298ee00c70070192d8e24fdbe202f55	0	False
c9675a8f9b15ea31809a65f59cfe5507	0	False
86b6f4a93a9a41cf74f65798cc193363	0	False
04b8e6a125e56e6b17003049d1aa960b	0	False
ef779212e4cdfc0a156ff361fbf4ec55	0	False
67977b169d94944018866ff781d4e691	0	False
313cfbc71ab4a5c0cd4b1d87a3c1bc1e	0	False
ee93f00c9c288c65559c20c120a70754	0	False
81dbc3ebf5cc7c4d0bb93137b9e9552c	0	False
8b098392eb9011de7d405c0bc03bc9cc	0	False
af9bf56833b9c0b448ec81ccf9be317e	0	False
90b69def468f5fbf4ad4429616f44ba6	0	False
4395c78794c554b7f094255ccddcd215	0	False
40b911d0f74698bd0acf0b4cef08be88	0	False
941b939c98ac6d4646ef502f765954d3	0	False
61c022fddb4e7507ee40182d1504a68d	0	False
22068f88f6e93f952b45ffee505e7330	0	False
6bf0f6bbe91ad5352b5bc740d22b9a38	0	False
29c50979fcbc456799528a8488a07853	0	False
d7371621a62c892f97421b384bd189ed	0	False
6b70e0481f007e72be43828c48627c9f	0	False
416b1293098cd89f7a1fffadbe8885ff	0	False
71b1ded9fd6781d7ffcfddf59367dfe3	0	False
e8ebd42f1ee66f7f73031084c759c50d	0	False
a6ab75f07dffb5877f3d622d0f0201db	0	False
f700cad008fe533dc964ee84d5ee20e8	0	False
f44500fcb78a046d4fa6dcb086dd67de	0	False
931bee1ebb385f129a9c5e0e7c4e3ca6	0	False
a182f04889bbf220db75b9044a20dc6b	0	False
0b043f10d24acb670314e266d0b3cc13	0	False
85557a594baa0ea4a6764fdacd53bc09	0	False
b9521312395f89d844de959deb45a5c8	0	False
7d7ecb504220b39b1cbbc337311c6d10	0	False
206b8b5098d4e6e8b0eee84c1cacfed3	0	False
72f1b41f7287253cd8466fb26a1f99d0	0	False
c96340f8fdc0fc0b248ee0562eefbaeb	0	False
e9d9d2770a13fbc7ab7bafa6f5aebed8	0	False
8a4bd787ab754dc4018a65c24278d935	0	False
2177e77f4faaa8ebaf29e976d826ea8e	0	False
defdc51bae5311bfb4f7a33d2b5aa55a	0	False
a70ae81f329564179b4d8d50f5b6c85c	0	False
5234914789a5a14ffdc77f7ba56f1238	0	False
078d9ff3ed4650972aad2e631b2dd0bf	0	False
3e644ad1230117667ae1ad774d9b741e	0	False
987c113460b32e1943f7c2ecc7511cb7	0	False
6e4f262bf80990f39934c2ab7cd86a3a	0	False
32be7c6fa01709bc9a9be3cd907ad7b0	0	False
e92fcb1006f6e70093366af6881c419f	0	False
5ba35c73311c2e8f5241d7991bf5126f	0	False
e1e9ad6bc9ae3d4a6d41adb37a1fe29b	0	False
81aae9d12f6e97228ca5f37ccf6ffa5e	0	False
55c7abdbd8eca758ca8b82800aa35c8b	0	False
51397a57638c655d1b43c679b81a769d	0	False
20b4062ab014126b69160125be1bb42f	0	False
4d2064ddbaf117c6e3e4867006d6b6c1	0	False
5c8bb4211a7e169c0076c11fb339d821	0	False
bc70111a09653b21793d6f7c966d6f17	0	False
054aedf1883746a34e10aa195eed2269	0	False
e52e93d41d106130edd35173ea6104e2	0	False
350cbbc414293d092984c9d43aa6c72b	0	False
3fced5433df0ec36104703069bf5a9e8	0	False
d120a15030392262db3ed9f35e9986d9	0	False
2d8643ab03800008d8688412fd77cb8e	0	False
7e12c5a419ce38a8f887151740155bca	0	False
